City_ID,City,Lat,Lng,Max Temp,Humidity,Cloudiness,Wind Speed,Country,Date
0,Northampton,40.8754,-75.2499,55.99,86,100,17.34,US,2021-03-28 23:58:43
1,Dabat,12.9842,37.765,56.37,64,84,0.92,ET,2021-03-29 00:02:47
2,Broken Hill,-31.95,141.4333,64.4,48,8,10.36,AU,2021-03-28 23:57:52
3,Tasiilaq,65.6145,-37.6368,15.8,62,40,4.61,GL,2021-03-28 23:57:32
4,Upernavik,72.7868,-56.1549,-24.74,78,23,4.83,GL,2021-03-28 23:57:52
5,Riberalta,-10.9833,-66.1,78.8,89,75,6.91,BO,2021-03-29 00:02:48
6,Moussoro,13.6408,16.4901,74.48,12,0,21.79,TD,2021-03-29 00:02:48
7,Vaini,-21.2,-175.2,84.2,79,40,10.36,TO,2021-03-28 23:58:06
8,Punta Arenas,-53.15,-70.9167,46.4,61,0,2.3,CL,2021-03-28 23:57:02
9,Mataura,-46.1927,168.8643,62.01,90,33,10.0,NZ,2021-03-28 23:58:06
10,Saint-Augustin,51.226,-58.6502,6.82,85,37,5.32,CA,2021-03-28 23:59:03
11,Nikolskoye,59.7035,30.7861,39.99,87,0,2.24,RU,2021-03-28 23:58:08
12,Ushuaia,-54.8,-68.3,46.4,57,75,11.5,AR,2021-03-28 23:54:21
13,Port Alfred,-33.5906,26.891,65.08,78,100,20.31,ZA,2021-03-28 23:57:55
14,Saint-Philippe,-21.3585,55.7679,75.2,78,16,5.75,RE,2021-03-28 23:57:36
15,Leningradskiy,69.3833,178.4167,-3.35,91,100,5.59,RU,2021-03-28 23:58:04
16,Hobart,-42.8794,147.3294,57.99,44,75,12.66,AU,2021-03-28 23:56:53
17,Viransehir,37.2353,39.7631,41.95,50,0,8.03,TR,2021-03-29 00:02:49
18,Mount Isa,-20.7333,139.5,78.8,27,2,19.57,AU,2021-03-28 23:59:40
19,Udachnyy,66.4167,112.4,13.32,96,100,4.97,RU,2021-03-28 23:59:20
20,Ulaangom,49.9811,92.0667,16.43,83,92,3.74,MN,2021-03-28 23:59:06
21,Coromandel,-18.4733,-47.2003,74.32,57,97,2.1,BR,2021-03-29 00:02:50
22,Muroto,33.2833,134.15,55.4,82,20,3.44,JP,2021-03-28 23:58:05
23,Rikitea,-23.1203,-134.9692,79.3,74,2,15.55,PF,2021-03-28 23:57:56
24,Praya,14.9215,-23.5087,68.0,73,75,23.02,CV,2021-03-28 23:59:28
25,Georgetown,5.4112,100.3354,79.0,94,20,5.35,MY,2021-03-28 23:58:35
26,Walvis Bay,-22.9575,14.5053,61.0,94,0,6.91,NA,2021-03-28 23:58:20
27,Saint Anthony,45.0205,-93.218,45.0,39,1,12.66,US,2021-03-28 23:58:00
28,Upata,8.0086,-62.3989,77.0,91,57,1.99,VE,2021-03-28 23:59:16
29,Terme,41.2092,36.9739,46.0,87,1,2.3,TR,2021-03-28 23:59:24
30,Necochea,-38.5473,-58.7368,57.99,95,16,8.03,AR,2021-03-28 23:59:07
31,Albany,42.6001,-73.9662,52.0,78,100,17.0,US,2021-03-28 23:57:32
32,Jamestown,42.097,-79.2353,39.0,93,90,21.54,US,2021-03-28 23:57:33
33,Touros,-5.1989,-35.4608,80.6,83,20,4.61,BR,2021-03-29 00:02:51
34,Coquimbo,-29.9533,-71.3436,59.0,77,0,9.22,CL,2021-03-28 23:54:19
35,Ola,59.5833,151.2833,9.27,80,67,0.6,RU,2021-03-29 00:02:51
36,Thunder Bay,48.4001,-89.3168,32.0,47,40,13.8,CA,2021-03-28 23:58:43
37,Isangel,-19.55,169.2667,82.4,74,40,3.44,VU,2021-03-28 23:58:20
38,Bonthe,7.5264,-12.505,78.66,88,62,3.91,SL,2021-03-28 23:59:34
39,Morondava,-20.2833,44.2833,74.66,86,1,7.49,MG,2021-03-28 23:58:56
40,Aksarka,66.5606,67.7975,-21.19,100,76,3.65,RU,2021-03-29 00:02:52
41,Tiksi,71.6872,128.8694,5.13,93,100,1.36,RU,2021-03-28 23:58:33
42,Busselton,-33.65,115.3333,67.5,55,10,5.66,AU,2021-03-28 23:58:09
43,San Quintin,30.4833,-115.95,68.95,40,0,13.85,MX,2021-03-29 00:02:52
44,Castro,-24.7911,-50.0119,64.72,91,99,4.72,BR,2021-03-28 23:53:13
45,Airai,-8.9266,125.4092,61.12,98,100,2.48,TL,2021-03-28 23:58:27
46,New Norfolk,-42.7826,147.0587,57.99,60,73,1.01,AU,2021-03-28 23:57:57
47,Cabangahan,9.0781,122.9469,82.49,72,100,7.49,PH,2021-03-29 00:02:53
48,Bluff,-46.6,168.3333,62.01,90,76,10.0,NZ,2021-03-28 23:57:57
49,Beringovskiy,63.05,179.3167,16.09,90,100,19.6,RU,2021-03-28 23:58:23
50,Esperance,-33.8667,121.9,68.0,68,0,13.8,AU,2021-03-28 23:57:57
51,Utica,43.1009,-75.2327,50.0,88,100,1.99,US,2021-03-29 00:02:53
52,Kurchum,48.5722,83.6542,31.6,99,100,1.45,KZ,2021-03-29 00:02:54
53,Horqueta,-23.3428,-57.0597,70.38,90,100,5.14,PY,2021-03-29 00:02:54
54,Sungaipenuh,-2.0833,101.3833,65.46,98,100,0.76,ID,2021-03-28 23:58:43
55,Ilulissat,69.2167,-51.1,-11.2,44,1,6.76,GL,2021-03-28 23:58:07
56,Tuatapere,-46.1333,167.6833,62.01,90,72,10.0,NZ,2021-03-28 23:58:48
57,Lensk,60.7253,114.9278,20.68,90,77,2.24,RU,2021-03-29 00:02:55
58,Port Elizabeth,-33.918,25.5701,64.4,77,0,12.66,ZA,2021-03-28 23:58:12
59,Yongan,39.6957,113.6871,39.22,19,100,1.16,CN,2021-03-29 00:02:55
60,Clyde River,70.4692,-68.5914,-5.8,77,75,9.22,CA,2021-03-28 23:58:38
61,Ikalamavony,-21.15,46.5833,64.44,89,0,2.3,MG,2021-03-29 00:02:55
62,Inongo,-1.95,18.2667,73.8,83,96,3.6,CD,2021-03-29 00:02:56
63,Poum,-20.2333,164.0167,80.94,73,11,5.57,NC,2021-03-28 23:59:39
64,Gat,31.61,34.7642,53.01,82,1,4.0,IL,2021-03-28 23:59:10
65,Shaowu,27.3409,117.4831,70.83,79,9,2.71,CN,2021-03-28 23:58:19
66,Shubarshi,48.5872,57.1869,27.97,96,100,6.6,KZ,2021-03-29 00:02:56
67,Iqaluit,63.7506,-68.5145,12.2,79,75,12.66,CA,2021-03-28 23:58:35
68,Saldanha,-33.0117,17.9442,62.6,59,100,3.44,ZA,2021-03-28 23:57:01
69,Yellowknife,62.456,-114.3525,24.8,46,75,20.71,CA,2021-03-28 23:58:04
70,Hambantota,6.1241,81.1185,76.41,79,87,4.21,LK,2021-03-28 23:58:28
71,Paita,-5.0892,-81.1144,72.32,76,73,13.27,PE,2021-03-28 23:59:58
72,Huilong,31.8111,121.655,64.0,90,0,4.0,CN,2021-03-29 00:02:57
73,Oussouye,12.485,-16.5469,73.4,88,0,11.5,SN,2021-03-29 00:02:57
74,Labuhan,-6.8844,112.2051,78.71,84,90,5.28,ID,2021-03-28 23:58:18
75,Eureka,40.8021,-124.1637,52.0,79,3,7.0,US,2021-03-28 23:58:21
76,Pisco,-13.7,-76.2167,70.0,73,0,20.71,PE,2021-03-28 23:58:24
77,Atuona,-9.8,-139.0333,80.96,75,91,16.53,PF,2021-03-28 23:58:02
78,Ribeira Grande,38.5167,-28.7,60.37,84,100,22.84,PT,2021-03-28 23:57:42
79,Tadine,-21.55,167.8833,82.51,70,8,12.28,NC,2021-03-29 00:02:58
80,Mont-Joli,48.5839,-68.1921,30.2,86,90,18.41,CA,2021-03-29 00:02:59
81,Chokurdakh,70.6333,147.9167,-2.9,96,98,5.21,RU,2021-03-28 23:58:29
82,Kruisfontein,-34.0033,24.7314,62.01,77,93,4.0,ZA,2021-03-28 23:58:23
83,Leua,48.2156,18.6071,42.01,77,86,1.54,SK,2021-03-29 00:02:59
84,San Vicente,-26.6167,-54.1333,65.34,95,87,1.79,AR,2021-03-29 00:02:59
85,Qandala,11.472,49.8728,79.74,56,4,1.63,SO,2021-03-29 00:03:00
86,Khatanga,71.9667,102.5,-2.67,97,100,7.72,RU,2021-03-28 23:58:09
87,High Level,58.5169,-117.136,21.2,93,90,20.71,CA,2021-03-29 00:03:00
88,Carnarvon,-24.8667,113.6333,71.6,100,40,4.61,AU,2021-03-28 23:58:40
89,Krasnyy Luch,48.1395,38.9371,32.5,83,41,1.41,UA,2021-03-29 00:03:01
90,Butaritari,3.0707,172.7902,81.01,79,81,14.14,KI,2021-03-28 23:58:37
91,Kamenka,51.3223,42.7678,28.0,82,83,7.34,RU,2021-03-29 00:03:01
92,Bandarbeyla,9.4942,50.8122,76.12,72,24,3.87,SO,2021-03-28 23:58:12
93,Fare,-16.7,-151.0167,82.4,72,17,21.25,PF,2021-03-29 00:03:02
94,Chiang Klang,19.2938,100.8617,80.01,88,35,2.3,TH,2021-03-29 00:03:02
95,Lebu,-37.6167,-73.65,55.99,93,2,11.83,CL,2021-03-28 23:59:05
96,Hasaki,35.7333,140.8333,63.0,94,75,3.44,JP,2021-03-28 23:59:42
97,Cape Town,-33.9258,18.4232,66.99,77,0,1.14,ZA,2021-03-28 23:56:55
98,Geraldton,-28.7667,114.6,69.8,73,12,5.75,AU,2021-03-28 23:57:46
99,Husavik,66.0449,-17.3389,30.2,69,75,20.71,IS,2021-03-28 23:59:39
100,Aktas,49.7789,72.9608,23.0,74,75,20.13,KZ,2021-03-29 00:03:03
101,Ahipara,-35.1667,173.1667,71.44,81,46,7.47,NZ,2021-03-28 23:59:02
102,Elizabeth City,36.2946,-76.2511,71.6,73,1,18.41,US,2021-03-29 00:03:03
103,Bilibino,68.0546,166.4372,-5.53,85,67,2.66,RU,2021-03-28 23:58:42
104,Avarua,-21.2078,-159.775,82.4,83,75,16.11,CK,2021-03-28 23:57:58
105,Auray,47.6703,-2.9918,46.99,93,13,2.3,FR,2021-03-29 00:03:04
106,Santa Maria,-29.6842,-53.8069,73.4,73,75,3.44,BR,2021-03-29 00:03:04
107,Buin,-33.7333,-70.75,73.99,49,0,11.5,CL,2021-03-29 00:03:05
108,East London,-33.0153,27.9116,65.16,78,100,13.49,ZA,2021-03-28 23:57:35
109,Hualmay,-11.0964,-77.6139,69.85,84,80,8.48,PE,2021-03-28 23:58:48
110,Kavieng,-2.5744,150.7967,85.68,67,93,13.96,PG,2021-03-28 23:58:44
111,Bengkulu,-3.8004,102.2655,76.44,90,98,3.47,ID,2021-03-28 23:58:09
112,Yenagoa,4.9247,6.2642,77.7,86,0,3.76,NG,2021-03-29 00:03:05
113,Galle,6.0367,80.217,75.0,85,72,7.54,LK,2021-03-29 00:03:05
114,Pulivendla,14.4167,78.2333,77.36,62,68,5.95,IN,2021-03-29 00:03:06
115,Ukiah,39.1502,-123.2078,78.8,21,1,3.44,US,2021-03-29 00:00:02
116,Altamira,-3.2033,-52.2064,72.75,97,91,2.01,BR,2021-03-29 00:03:06
117,Norman Wells,65.282,-126.8329,-0.4,55,75,19.57,CA,2021-03-28 23:58:11
118,Waipawa,-41.4122,175.5153,66.2,88,75,20.71,NZ,2021-03-29 00:03:07
119,Soe,-9.8607,124.284,69.91,87,100,3.69,ID,2021-03-28 23:58:26
120,Boende,-0.2167,20.8667,74.05,81,95,1.99,CD,2021-03-28 23:59:56
121,Barrow,71.2906,-156.7887,-14.8,64,1,13.8,US,2021-03-28 23:55:01
122,Robore,-18.3333,-59.75,73.4,83,90,3.06,BO,2021-03-29 00:03:07
123,Bilma,18.6853,12.9164,69.55,15,0,4.92,NE,2021-03-28 23:57:01
124,Hanumangarh,29.5833,74.3167,77.45,16,17,9.57,IN,2021-03-29 00:03:08
125,Bredasdorp,-34.5322,20.0403,60.8,88,100,13.8,ZA,2021-03-28 23:58:00
126,Hermanus,-34.4187,19.2345,64.99,79,100,7.0,ZA,2021-03-28 23:56:54
127,Manta,-0.95,-80.7333,82.4,74,20,4.61,EC,2021-03-29 00:01:15
128,Lavrentiya,65.5833,-171.0,13.17,92,100,19.53,RU,2021-03-28 23:58:43
129,Lock Haven,41.137,-77.4469,51.01,64,87,8.01,US,2021-03-29 00:03:08
130,Nuuk,64.1835,-51.7216,8.6,61,20,9.22,GL,2021-03-28 23:56:22
131,Tautira,-17.7333,-149.15,89.6,58,40,18.41,PF,2021-03-29 00:03:09
132,Beni,0.5,29.4667,67.71,72,99,2.17,CD,2021-03-29 00:03:09
133,Saint George,37.1041,-113.5841,75.99,16,1,3.44,US,2021-03-28 23:58:10
134,Arraial Do Cabo,-22.9661,-42.0278,77.81,88,56,8.25,BR,2021-03-28 23:58:11
135,Hofn,64.2539,-15.2082,27.5,62,27,10.11,IS,2021-03-28 23:58:51
136,Nancha,47.1333,129.2667,37.81,99,100,1.3,CN,2021-03-29 00:03:10
137,Ishikawa,26.4233,127.8214,73.4,94,75,5.75,JP,2021-03-29 00:03:10
138,Murgab,37.4966,61.9714,42.8,81,4,9.22,TM,2021-03-29 00:03:11
139,Micheweni,-4.9667,39.8333,80.55,80,22,4.0,TZ,2021-03-29 00:03:11
140,Flagstaff,35.1981,-111.6513,60.8,20,1,10.36,US,2021-03-28 23:58:16
141,Sterling,39.0062,-77.4286,57.99,58,90,20.71,US,2021-03-29 00:02:01
142,Qaanaaq,77.484,-69.3632,-20.81,75,66,5.91,GL,2021-03-28 23:58:01
143,Puerto Ayora,-0.7393,-90.3518,79.0,91,33,3.0,EC,2021-03-28 23:57:54
144,Hilo,19.7297,-155.09,73.4,73,90,10.36,US,2021-03-28 23:58:00
145,Pingzhuang,42.0372,119.2889,41.23,22,2,17.16,CN,2021-03-29 00:03:12
146,Purificacion,3.8587,-74.9313,80.08,73,53,3.8,CO,2021-03-29 00:03:12
147,Victoria,22.2855,114.1577,77.0,87,26,7.09,HK,2021-03-29 00:00:40
148,Lompoc,34.6391,-120.4579,66.99,82,0,16.11,US,2021-03-28 23:58:56
149,Ortona,42.3496,14.4039,53.01,93,90,1.14,IT,2021-03-29 00:03:12
150,Jiaojiang,28.6803,121.4428,64.99,95,27,1.01,CN,2021-03-29 00:03:13
151,Sakaiminato,35.55,133.2333,60.8,72,40,8.05,JP,2021-03-29 00:03:13
152,Bathsheba,13.2167,-59.5167,78.8,69,40,21.85,BB,2021-03-28 23:58:25
153,Valdivia,-39.8142,-73.2459,68.0,56,1,6.91,CL,2021-03-28 23:59:44
154,Voi,-3.3945,38.563,73.2,75,100,2.91,KE,2021-03-29 00:03:14
155,Teguise,29.0605,-13.564,64.4,77,20,3.44,ES,2021-03-28 23:59:45
156,Kahului,20.8947,-156.47,75.2,64,40,23.02,US,2021-03-28 23:57:56
157,Olafsvik,64.8945,-23.7142,28.96,63,100,13.69,IS,2021-03-29 00:03:14
158,Oranjemund,-28.55,16.4333,59.65,87,0,1.7,NA,2021-03-29 00:00:00
159,Severo-Yeniseyskiy,60.3725,93.0408,12.33,98,100,0.63,RU,2021-03-29 00:03:15
160,Denpasar,-8.65,115.2167,78.8,94,40,2.3,ID,2021-03-28 23:55:44
161,Vaitape,-16.5167,-151.75,82.76,72,45,20.09,PF,2021-03-29 00:03:15
162,Cabo San Lucas,22.8909,-109.9124,78.01,25,40,11.5,MX,2021-03-28 23:56:54
163,Takoradi,4.8845,-1.7554,79.54,86,12,7.72,GH,2021-03-29 00:03:16
164,Kodiak,57.79,-152.4072,44.6,49,1,9.22,US,2021-03-28 23:56:23
165,Ayan,56.45,138.1667,22.35,85,100,4.61,RU,2021-03-29 00:03:16
166,Marsh Harbour,26.5412,-77.0636,76.59,77,11,10.67,BS,2021-03-29 00:00:12
167,Porto Novo,6.4965,2.6036,82.4,83,20,6.91,BJ,2021-03-29 00:03:16
168,Mahebourg,-20.4081,57.7,75.2,88,20,5.75,MU,2021-03-28 23:58:26
169,Pacific Grove,36.6177,-121.9166,62.6,59,1,6.91,US,2021-03-29 00:01:09
170,Ust-Nera,64.5667,143.2,7.92,93,98,5.3,RU,2021-03-29 00:03:17
171,Ketchikan,55.3422,-131.6461,42.8,56,40,19.57,US,2021-03-28 23:58:30
172,Fortuna,40.5982,-124.1573,51.01,87,20,19.57,US,2021-03-28 23:58:16
173,Umrala,21.8333,71.8167,81.1,36,17,7.49,IN,2021-03-29 00:03:17
174,Half Moon Bay,37.4636,-122.4286,73.4,87,1,10.36,US,2021-03-28 23:58:18
175,Tura,25.5198,90.2201,71.53,26,0,4.94,IN,2021-03-28 23:57:56
176,Torbay,47.6666,-52.7314,25.0,68,75,2.3,CA,2021-03-28 23:58:30
177,Kapaa,22.0752,-159.319,77.0,73,90,18.41,US,2021-03-28 23:56:49
178,Champerico,14.3,-91.9167,87.8,66,75,9.22,GT,2021-03-28 23:59:18
179,Pevek,69.7008,170.3133,-11.2,95,71,4.38,RU,2021-03-28 23:58:18
180,Faya,18.3851,42.4509,59.0,62,0,5.57,SA,2021-03-29 00:03:18
181,Paharpur,32.1038,70.9724,73.18,43,1,1.5,PK,2021-03-29 00:03:18
182,Erzin,36.9559,36.2,50.0,63,0,8.99,TR,2021-03-29 00:03:19
183,Cam Ranh,11.9214,109.1591,77.0,83,0,3.06,VN,2021-03-29 00:03:19
184,Codrington,-38.2667,141.9667,61.9,61,90,5.59,AU,2021-03-28 23:58:41
185,Souillac,-20.5167,57.5167,75.2,88,20,5.75,MU,2021-03-28 23:58:25
186,Mitu,1.1983,-70.1733,69.69,98,100,2.19,CO,2021-03-29 00:03:19
187,Manzhouli,49.6,117.4333,29.91,53,3,17.78,CN,2021-03-29 00:03:20
188,Abu Dhabi,24.4667,54.3667,73.4,68,0,8.05,AE,2021-03-28 23:59:09
189,Caiaponia,-16.9567,-51.8103,69.51,61,3,1.81,BR,2021-03-29 00:03:20
190,Tuktoyaktuk,69.4541,-133.0374,-13.0,77,90,12.66,CA,2021-03-28 23:57:31
191,Avera,33.194,-82.5271,64.4,78,1,4.61,US,2021-03-28 23:58:33
192,Shelburne,44.0787,-80.2041,37.0,100,99,24.92,CA,2021-03-28 23:59:16
193,Bambous Virieux,-20.3428,57.7575,75.99,88,20,5.75,MU,2021-03-28 23:57:58
194,Saskylakh,71.9167,114.0833,-1.62,97,99,3.4,RU,2021-03-28 23:58:23
195,Rocha,-34.4833,-54.3333,61.72,95,77,3.85,UY,2021-03-28 23:58:05
196,Sibolga,1.7427,98.7792,76.12,87,98,3.15,ID,2021-03-29 00:03:21
197,Kavaratti,10.5669,72.642,82.98,71,100,1.5,IN,2021-03-28 23:59:24
198,Ponta Do Sol,32.6667,-17.1,61.0,54,71,8.99,PT,2021-03-28 23:58:59
199,Ayame,5.6083,-3.1563,75.76,92,36,3.29,CI,2021-03-29 00:03:21
200,Beisfjord,68.3751,17.5988,35.6,69,40,3.44,NO,2021-03-28 23:59:03
201,Siocon,7.7061,122.1353,81.82,76,46,6.89,PH,2021-03-29 00:03:22
202,Berlevag,70.8578,29.0864,30.76,79,74,12.03,NO,2021-03-28 23:58:43
203,Kaitangata,-46.2817,169.8464,64.99,74,42,4.88,NZ,2021-03-28 23:58:17
204,Hithadhoo,-0.6,73.0833,78.85,85,100,32.06,MV,2021-03-28 23:58:08
205,Baijiantan,45.6333,85.1833,48.24,70,99,9.04,CN,2021-03-29 00:03:22
206,Bethel,41.3712,-73.414,57.99,97,100,1.01,US,2021-03-28 23:58:50
207,Klaksvik,62.2266,-6.589,41.0,87,20,12.66,FO,2021-03-28 23:58:49
208,Nguruka,-5.1092,31.0419,64.76,90,78,2.28,TZ,2021-03-28 23:59:52
209,Thompson,55.7435,-97.8558,26.6,59,90,6.91,CA,2021-03-28 23:54:18
210,Cayenne,4.9333,-52.3333,81.0,78,40,10.36,GF,2021-03-28 23:58:17
211,Mexico,15.0646,120.7198,80.6,78,75,2.3,PH,2021-03-29 00:01:09
212,Pontianak,-0.0333,109.3333,75.2,100,75,2.04,ID,2021-03-29 00:03:23
213,Skjervoy,70.0311,20.9714,33.33,75,72,13.62,NO,2021-03-29 00:03:24
214,Wana,32.2989,69.5725,62.87,22,0,8.66,PK,2021-03-29 00:03:24
215,Atar,20.5169,-13.0499,76.03,26,72,7.52,MR,2021-03-28 23:57:52
216,Lodwar,3.1191,35.5973,85.08,41,90,4.81,KE,2021-03-29 00:03:24
217,Dunedin,-45.8742,170.5036,60.01,93,29,3.0,NZ,2021-03-28 23:58:58
218,Pokhara,28.2333,83.9833,64.98,21,1,7.31,NP,2021-03-28 23:59:05
219,Jataizinho,-23.2542,-50.98,78.8,73,0,4.88,BR,2021-03-29 00:03:25
220,Sumbe,-11.2061,13.8437,76.71,82,18,3.62,AO,2021-03-29 00:03:25
221,Ampanihy,-24.7,44.75,67.55,94,0,3.56,MG,2021-03-29 00:03:25
222,Noyabrsk,63.1994,75.4507,4.55,95,94,11.5,RU,2021-03-28 23:59:04
223,Ulaanbaatar,47.9077,106.8832,14.0,73,0,5.46,MN,2021-03-29 00:01:44
224,Cidreira,-30.1811,-50.2056,73.24,83,30,5.3,BR,2021-03-28 23:59:13
225,Waitati,-45.75,170.5667,60.01,92,24,4.0,NZ,2021-03-29 00:03:28
226,Kalmunai,7.4167,81.8167,76.42,81,81,5.7,LK,2021-03-29 00:03:28
227,Ipameri,-17.7219,-48.1597,72.84,61,63,0.69,BR,2021-03-29 00:03:28
228,Erenhot,43.6475,111.9767,34.75,27,60,5.39,CN,2021-03-29 00:03:25
229,Dhidhdhoo,6.8833,73.1,84.18,69,78,14.27,MV,2021-03-29 00:03:29
230,Usinsk,65.9939,57.5281,21.78,96,99,7.0,RU,2021-03-28 23:59:01
231,Sao Filipe,14.8961,-24.4956,69.71,71,50,13.89,CV,2021-03-28 23:59:12
232,Ust-Barguzin,53.45,108.9833,15.55,86,82,5.79,RU,2021-03-29 00:03:29
233,Ojinaga,29.5667,-104.4167,75.2,15,1,11.5,MX,2021-03-29 00:03:30
234,Te Anau,-45.4167,167.7167,61.68,76,80,4.97,NZ,2021-03-29 00:01:23
235,Mar Del Plata,-38.0023,-57.5575,66.0,88,40,11.5,AR,2021-03-28 23:58:14
236,Nyurba,63.2842,118.3319,16.32,94,92,4.54,RU,2021-03-28 23:59:00
237,Aden,12.7794,45.0367,79.65,65,6,7.27,YE,2021-03-29 00:02:46
238,Marinette,45.1,-87.6307,33.8,51,90,9.22,US,2021-03-29 00:03:31
239,Jinxiang,27.4327,120.6062,61.72,82,7,0.67,CN,2021-03-29 00:03:31
240,Chuy,-33.6971,-53.4616,63.36,92,45,4.54,UY,2021-03-28 23:57:00
241,Makakilo City,21.3469,-158.0858,78.8,57,75,9.22,US,2021-03-29 00:03:31
242,Baykit,61.67,96.37,21.25,96,100,1.43,RU,2021-03-28 23:58:02
243,Ziniare,12.5822,-1.2983,78.39,10,0,10.18,BF,2021-03-29 00:03:32
244,Andenes,69.3143,16.1194,33.8,75,97,10.36,NO,2021-03-28 23:58:41
245,Tairua,-37.0167,175.85,69.01,88,100,8.99,NZ,2021-03-29 00:03:32
246,Puerto Penasco,31.3167,-113.5333,73.99,53,0,11.01,MX,2021-03-29 00:03:33
247,Sainte-Savine,48.2964,4.0464,39.2,81,0,4.61,FR,2021-03-29 00:03:33
248,Mecca,21.4267,39.8261,73.11,58,0,5.48,SA,2021-03-29 00:00:07
249,Minbu,20.1833,94.8833,82.42,36,99,5.48,MM,2021-03-29 00:03:33
250,Sinnamary,5.3833,-52.95,77.83,84,98,13.89,GF,2021-03-29 00:03:34
251,Laukaa,58.7372,29.8453,34.39,95,94,4.12,RU,2021-03-29 00:03:34
252,Moerai,-22.4333,-151.3333,81.0,73,3,19.6,PF,2021-03-29 00:03:34
253,Abalak,58.1286,68.5944,18.19,95,98,4.27,RU,2021-03-29 00:03:35
254,Mount Gambier,-37.8333,140.7667,60.8,88,90,4.61,AU,2021-03-29 00:03:35
255,Hobyo,5.3505,48.5268,79.43,79,61,11.01,SO,2021-03-28 23:58:03
256,Hamilton,39.1834,-84.5333,45.0,53,90,16.11,US,2021-03-28 23:57:55
257,Gombong,-7.6072,109.5142,78.04,86,79,2.64,ID,2021-03-29 00:03:35
258,Salalah,17.0151,54.0924,75.2,53,0,3.44,OM,2021-03-28 23:59:21
259,Tanete,-3.9443,119.7848,75.65,93,100,1.28,ID,2021-03-29 00:03:36
260,Bhatkal,13.9667,74.5667,79.61,87,86,3.83,IN,2021-03-29 00:03:36
261,Pangai,-19.8,-174.35,86.0,74,20,17.27,TO,2021-03-29 00:03:36
262,New Waterford,40.8451,-80.6145,41.0,62,94,11.99,US,2021-03-29 00:03:37
263,Hami,42.8,93.45,57.11,27,87,9.69,CN,2021-03-28 23:58:40
264,Luderitz,-26.6481,15.1594,61.29,85,0,4.92,NA,2021-03-28 23:58:03
265,Vemalwada,18.4667,78.8833,77.18,22,2,3.67,IN,2021-03-29 00:03:37
266,Atasu,48.6814,71.6433,21.38,90,96,12.3,KZ,2021-03-29 00:00:24
267,Corner Brook,48.9667,-57.9484,30.2,55,1,13.8,CA,2021-03-29 00:03:38
268,Lorengau,-2.0226,147.2712,83.77,77,100,9.73,PG,2021-03-28 23:59:00
269,Longyearbyen,78.2186,15.6401,28.4,74,20,2.3,SJ,2021-03-28 23:57:52
270,Yumen,40.2833,97.2,43.02,52,48,10.49,CN,2021-03-28 23:59:34
271,Csenger,47.8358,22.681,32.0,86,52,2.33,HU,2021-03-29 00:03:38
272,Acarau,-2.8856,-40.12,77.43,83,9,6.02,BR,2021-03-29 00:03:38
273,Yulara,-25.2406,130.9889,75.2,46,0,11.5,AU,2021-03-28 23:56:55
274,Culpeper,38.5004,-77.9664,62.6,51,90,10.36,US,2021-03-29 00:03:39
275,Gull Lake,50.1001,-108.4847,62.6,25,40,29.93,CA,2021-03-29 00:03:39
276,Dingle,10.9995,122.6711,81.3,78,100,8.57,PH,2021-03-28 23:57:58
277,Ewa Beach,21.3156,-158.0072,78.8,57,75,9.22,US,2021-03-29 00:03:40
278,Quatre Cocos,-20.2078,57.7625,75.99,88,20,5.75,MU,2021-03-29 00:03:40
279,Jibuti,11.5,42.5,77.0,57,1,7.07,DJ,2021-03-29 00:03:40
280,Provideniya,64.3833,-173.3,15.67,88,100,21.85,RU,2021-03-28 23:57:57
281,Grand Gaube,-20.0064,57.6608,75.99,82,3,3.51,MU,2021-03-29 00:03:41
282,Puerto Escondido,15.85,-97.0667,84.2,70,1,9.22,MX,2021-03-29 00:03:41
283,San Cristobal,7.7669,-72.225,68.27,84,89,2.91,VE,2021-03-29 00:00:25
284,Umm Kaddadah,13.6017,26.6876,65.61,13,0,14.83,SD,2021-03-28 23:59:13
285,Boguchany,58.3814,97.4531,29.12,97,100,2.86,RU,2021-03-29 00:03:41
286,Lagunas,-5.2269,-75.6753,73.76,97,66,3.13,PE,2021-03-29 00:03:42
287,Nhulunbuy,-12.2333,136.7667,82.4,83,75,5.75,AU,2021-03-29 00:03:42
288,Daru,-9.0763,143.2092,81.12,87,100,9.55,PG,2021-03-28 23:58:44
289,Port Lincoln,-34.7333,135.8667,66.16,71,3,9.86,AU,2021-03-28 23:59:07
290,Talnakh,69.4865,88.3972,-14.37,99,64,4.12,RU,2021-03-28 23:57:36
291,Padang,-0.9492,100.3543,73.4,100,20,2.3,ID,2021-03-28 23:59:17
292,Taoudenni,22.6783,-3.9836,79.12,7,99,12.71,ML,2021-03-29 00:03:43
293,Sakakah,29.9697,40.2064,50.0,25,0,8.05,SA,2021-03-29 00:03:43
294,Vila Velha,-20.3297,-40.2925,77.0,83,0,2.3,BR,2021-03-28 23:54:20
295,Shitanjing,39.2342,106.3439,40.59,29,66,4.27,CN,2021-03-29 00:03:44
296,Ovalle,-30.5983,-71.2003,69.93,57,0,3.94,CL,2021-03-29 00:02:37
297,Saint-Louis,16.3333,-15.0,84.2,34,0,4.61,SN,2021-03-29 00:03:44
298,Carauari,-4.8828,-66.8958,73.87,98,77,0.4,BR,2021-03-29 00:03:44
299,Vitim,59.4511,112.5578,19.11,91,99,1.9,RU,2021-03-29 00:03:45
300,Vostok,46.4856,135.8833,36.18,90,100,3.85,RU,2021-03-29 00:00:20
301,Morehead,37.2711,-87.1764,51.01,29,1,8.05,US,2021-03-29 00:03:45
302,Dikson,73.5069,80.5464,-27.63,100,96,7.25,RU,2021-03-28 23:57:38
303,Faanui,-16.4833,-151.75,82.76,72,45,20.07,PF,2021-03-28 23:58:01
304,Komsomolskiy,40.4272,71.7189,50.0,62,75,18.41,UZ,2021-03-29 00:03:46
305,Narsaq,60.9167,-46.05,21.2,58,0,2.3,GL,2021-03-28 23:57:58
306,Trincomalee,8.5711,81.2335,78.93,80,57,7.85,LK,2021-03-29 00:03:46
307,Springbok,-29.6643,17.8865,63.0,30,1,3.0,ZA,2021-03-29 00:03:46
308,Tabou,4.423,-7.3528,78.19,88,82,4.16,CI,2021-03-28 23:58:12
309,Baruun-Urt,46.6806,113.2792,29.52,43,3,6.31,MN,2021-03-29 00:03:47
310,Nioro,13.35,-15.75,76.62,35,2,6.64,GM,2021-03-28 23:58:31
311,Mailsi,29.8003,72.1758,78.53,17,5,8.75,PK,2021-03-29 00:03:47
312,Comodoro Rivadavia,-45.8667,-67.5,57.2,77,0,9.22,AR,2021-03-29 00:03:06
313,Severo-Kurilsk,50.6789,156.125,30.27,71,6,7.31,RU,2021-03-28 23:58:08
314,Kondoa,-4.9,35.7833,60.49,96,99,3.65,TZ,2021-03-29 00:03:48
315,Vrangel,42.7297,133.0839,35.87,98,95,3.06,RU,2021-03-29 00:03:48
316,Perelyub,51.8667,50.3667,32.07,96,100,12.91,RU,2021-03-29 00:03:48
317,Barranca De Upia,4.5696,-72.9668,79.47,67,85,3.02,CO,2021-03-29 00:03:48
318,Yarensk,62.1675,49.0916,31.69,87,100,5.91,RU,2021-03-29 00:03:49
319,Jefferson City,38.5767,-92.1735,55.4,35,1,9.22,US,2021-03-29 00:01:51
320,Inhambane,-23.865,35.3833,71.55,81,3,12.08,MZ,2021-03-29 00:03:49
321,Comonfort,20.7167,-100.7667,73.99,47,49,10.0,MX,2021-03-29 00:03:49
322,Viedma,-40.8135,-62.9967,63.18,34,91,5.06,AR,2021-03-29 00:03:50
323,Adrar,20.5022,-10.0711,79.38,8,85,10.87,MR,2021-03-28 23:57:39
324,Gushikawa,26.3544,127.8686,73.4,94,75,5.75,JP,2021-03-29 00:03:50
325,Nanortalik,60.1432,-45.2371,22.3,69,2,17.05,GL,2021-03-28 23:58:08
326,Marzuq,14.4,46.4667,63.77,27,1,5.01,YE,2021-03-28 23:58:26
327,Mukhen,48.1,136.1,38.21,86,100,6.51,RU,2021-03-29 00:03:50
328,Sasaram,24.951,84.0149,75.0,15,0,3.69,IN,2021-03-29 00:03:51
329,Meulaboh,4.1363,96.1285,76.28,88,96,4.56,ID,2021-03-28 23:58:52
330,Palmer,42.1584,-72.3287,55.0,100,90,3.44,US,2021-03-28 23:58:53
331,Vallenar,-28.5708,-70.7581,66.63,60,0,3.31,CL,2021-03-28 23:59:00
332,Pochutla,15.7432,-96.4661,87.8,45,1,17.27,MX,2021-03-28 23:59:18
333,Vuktyl,63.8567,57.3094,26.38,98,100,3.8,RU,2021-03-29 00:03:51
334,Cockburn Town,21.4612,-71.1419,78.8,69,40,17.27,TC,2021-03-29 00:03:52
335,Slavyanka,42.8633,131.3847,43.43,77,99,11.45,RU,2021-03-29 00:03:52
336,Rawlins,41.7911,-107.2387,55.4,21,1,25.32,US,2021-03-29 00:03:09
337,Burgersdorp,-30.9977,26.3286,58.59,42,100,3.87,ZA,2021-03-29 00:03:52
338,Guerrero Negro,27.9769,-114.0611,78.17,28,29,11.1,MX,2021-03-28 23:58:17
339,Amparafaravola,-17.5833,48.2167,65.66,95,14,1.52,MG,2021-03-29 00:03:53
340,Bjelovar,45.8986,16.8489,37.4,87,0,1.99,HR,2021-03-29 00:03:53
341,Alihe,50.5667,123.7167,34.95,98,100,4.68,CN,2021-03-29 00:03:53
342,Maun,-19.9833,23.4167,69.8,68,0,4.61,BW,2021-03-29 00:03:54
343,Arrecife,28.963,-13.5477,64.4,77,20,3.44,ES,2021-03-29 00:03:54
344,Nemuro,43.3236,145.575,46.4,100,75,6.91,JP,2021-03-29 00:03:54
345,Mata,40.683,-7.4592,55.0,67,34,3.02,PT,2021-03-29 00:03:55
346,Armidale,-30.5167,151.65,68.0,64,15,2.13,AU,2021-03-29 00:02:19
347,Cherskiy,68.75,161.3,-0.2,83,99,4.05,RU,2021-03-28 23:59:01
348,Tiznit,29.5833,-9.5,62.62,54,32,2.1,MA,2021-03-28 23:58:30
349,Birnin Kebbi,12.4539,4.1975,77.2,14,0,11.03,NG,2021-03-29 00:03:55
350,Abapo,-18.8333,-63.4667,63.55,68,93,1.61,BO,2021-03-29 00:03:56
351,Bria,6.5423,21.9863,71.22,30,1,4.76,CF,2021-03-29 00:03:56
352,Naryan-Mar,67.6713,53.087,33.66,93,100,10.78,RU,2021-03-29 00:03:56
353,Uglich,57.5275,38.3317,25.74,94,13,4.63,RU,2021-03-29 00:03:57
354,Homer,59.6425,-151.5483,36.0,51,75,1.07,US,2021-03-28 23:59:49
355,Ardakan,32.31,54.0175,50.0,23,0,4.61,IR,2021-03-29 00:03:57
356,Birin,26.8865,88.0718,62.6,82,40,2.3,NP,2021-03-29 00:03:58
357,Raudeberg,61.9875,5.1352,44.01,69,87,21.83,NO,2021-03-29 00:03:58
358,Esna,25.2934,32.554,60.8,41,0,17.25,EG,2021-03-29 00:03:58
359,Aklavik,68.2191,-135.0107,-4.0,54,50,4.61,CA,2021-03-28 23:58:24
360,Markova,48.6758,24.4138,27.66,85,30,6.17,UA,2021-03-29 00:03:59
361,Bubaque,11.2833,-15.8333,75.63,74,0,18.41,GW,2021-03-28 23:58:21
362,Fez,34.0372,-4.9998,53.6,82,0,2.3,MA,2021-03-29 00:00:39
363,Terrace,54.5163,-128.6035,41.0,48,75,14.97,CA,2021-03-29 00:00:12
364,Tome,-36.6167,-72.95,55.4,88,0,5.75,CL,2021-03-29 00:03:59
365,Havre-Saint-Pierre,50.2334,-63.5986,28.4,69,90,12.66,CA,2021-03-28 23:59:41
366,Varia,44.5725,-0.1104,53.01,63,5,3.0,FR,2021-03-29 00:04:00
367,Namtsy,62.7161,129.6658,1.4,85,40,2.24,RU,2021-03-29 00:04:00
368,Mayo,38.8876,-76.5119,59.0,88,90,13.8,US,2021-03-29 00:00:06
369,Rieti,42.4072,12.8592,48.99,60,6,4.61,IT,2021-03-29 00:04:00
370,Green River,41.5286,-109.4662,55.99,21,1,21.85,US,2021-03-29 00:04:01
371,Rock Sound,24.9,-76.2,77.14,69,1,12.59,BS,2021-03-29 00:04:01
372,Ambon,-3.6954,128.1814,80.6,83,20,5.75,ID,2021-03-29 00:04:01
373,Vao,-22.6667,167.4833,77.67,80,13,14.03,NC,2021-03-28 23:57:48
374,Mogok,22.9167,96.5,68.38,32,100,1.07,MM,2021-03-29 00:04:02
375,Marondera,-18.1853,31.5519,56.03,93,93,12.06,ZW,2021-03-29 00:04:02
376,Ribeira Brava,32.65,-17.0667,61.0,74,69,3.0,PT,2021-03-29 00:04:03
377,Peace River,56.2501,-117.286,26.6,74,90,29.93,CA,2021-03-29 00:04:03
378,Katobu,-4.9408,122.5276,75.85,94,100,5.59,ID,2021-03-29 00:04:03
379,Lazaro Cardenas,17.9583,-102.2,79.7,59,2,7.63,MX,2021-03-29 00:00:18
380,Batemans Bay,-35.7167,150.1833,69.01,66,6,1.01,AU,2021-03-28 23:59:25
381,Whitehorse,60.7161,-135.0538,23.0,33,75,12.66,CA,2021-03-29 00:04:04
382,Muros,42.7762,-9.0603,54.0,80,0,7.61,ES,2021-03-28 23:58:17
383,Luganville,-15.5333,167.1667,83.64,78,36,9.78,VU,2021-03-29 00:04:04
384,Paramirim,-13.4425,-42.2389,75.4,33,28,4.63,BR,2021-03-29 00:04:05
385,Bela,25.9333,81.9833,75.56,15,2,5.28,IN,2021-03-29 00:04:05
386,Cururupu,-1.8283,-44.8683,74.14,97,53,2.93,BR,2021-03-29 00:00:09
387,Lakes Entrance,-37.8811,147.981,61.0,71,58,3.0,AU,2021-03-29 00:04:05
388,Sosnovo,60.5514,30.2144,35.01,97,87,5.93,RU,2021-03-29 00:04:06
389,Malanje,-9.5402,16.341,61.92,92,64,3.31,AO,2021-03-29 00:04:06
390,Wanxian,30.8039,108.3897,66.88,69,19,2.89,CN,2021-03-29 00:01:34
391,Luebo,-5.35,21.4167,70.11,93,87,1.54,CD,2021-03-29 00:04:07
392,Alofi,-19.0595,-169.9187,82.4,78,6,18.41,NU,2021-03-29 00:00:22
393,Kummersbruck,49.4192,11.8883,39.0,87,1,3.58,DE,2021-03-29 00:04:07
394,Parana,-31.732,-60.5238,66.99,90,80,6.62,AR,2021-03-29 00:04:08
395,Nome,64.5011,-165.4064,19.99,93,90,28.77,US,2021-03-28 23:58:21
396,Axim,4.8699,-2.2405,78.8,88,13,6.58,GH,2021-03-29 00:03:23
397,Tempio Pausania,40.8974,9.1035,44.6,93,0,2.57,IT,2021-03-29 00:04:08
398,Raga,8.4596,25.678,75.92,16,2,8.05,SS,2021-03-29 00:04:08
399,Novikovo,51.1537,37.8879,32.7,95,100,4.72,RU,2021-03-29 00:04:09
400,Turbat,26.0023,63.044,78.35,46,63,3.67,PK,2021-03-29 00:04:09
401,Braila,45.2667,27.9833,39.2,75,96,9.22,RO,2021-03-29 00:04:09
402,Plerin,48.5425,-2.7798,46.99,83,21,8.01,FR,2021-03-29 00:04:10
403,Jasper,37.2001,-94.3502,55.99,38,1,4.61,US,2021-03-29 00:04:10
404,San Juan,-31.5375,-68.5364,70.39,24,0,9.66,AR,2021-03-29 00:04:10
405,Sao Felix Do Xingu,-6.6447,-51.995,72.84,92,57,2.01,BR,2021-03-29 00:04:11
406,Pangody,65.85,74.4859,-12.28,99,82,8.86,RU,2021-03-29 00:04:11
407,Katherine,-14.4667,132.2667,78.8,78,97,4.61,AU,2021-03-29 00:04:12
408,Shahreza,32.0339,51.8794,44.04,27,7,5.68,IR,2021-03-29 00:04:12
409,Bor,56.3567,44.0669,19.4,79,0,3.51,RU,2021-03-29 00:04:12
410,Sao Jose Da Coroa Grande,-8.8978,-35.1478,78.78,80,90,6.2,BR,2021-03-29 00:02:58
411,Seymchan,62.8833,152.4333,0.64,81,100,1.81,RU,2021-03-29 00:04:13
412,Kroya,-7.6331,109.2461,78.78,85,86,3.38,ID,2021-03-29 00:04:13
413,Ancud,-41.8697,-73.8203,62.6,72,0,12.66,CL,2021-03-28 23:58:23
414,Matamoros,25.5333,-103.25,75.2,31,75,23.02,MX,2021-03-29 00:04:13
415,Sola,-13.8833,167.55,84.2,89,90,5.75,VU,2021-03-29 00:04:14
416,Nizwa,22.9333,57.5333,78.37,17,17,4.47,OM,2021-03-29 00:04:14
417,Destin,30.3935,-86.4958,71.6,78,75,19.57,US,2021-03-29 00:00:56
418,Sesheke,-17.4759,24.2968,64.17,76,33,2.95,ZM,2021-03-29 00:04:14
419,Russell,32.3502,-85.1999,62.6,72,75,12.66,US,2021-03-29 00:04:15
420,Margate,51.3813,1.3862,48.99,71,96,5.01,GB,2021-03-28 23:59:25
421,Qaqortoq,60.7167,-46.0333,21.2,58,0,2.3,GL,2021-03-28 23:59:38
422,Los Llanos De Aridane,28.6585,-17.9182,64.4,77,75,3.44,ES,2021-03-29 00:04:15
423,Zakamensk,50.3741,103.2863,26.19,63,84,1.61,RU,2021-03-29 00:04:15
424,Pangnirtung,66.1451,-65.7125,-0.76,96,100,2.55,CA,2021-03-28 23:58:15
425,Ducheng,23.2373,111.5317,77.81,77,46,3.96,CN,2021-03-29 00:04:16
426,Khash,28.2211,61.2158,59.4,31,68,6.55,IR,2021-03-29 00:03:05
427,Omsukchan,62.5333,155.8,7.7,72,93,3.11,RU,2021-03-29 00:04:16
428,Yurimaguas,-5.9,-76.0833,75.2,100,90,5.75,PE,2021-03-29 00:04:16
429,Noshiro,40.2039,140.0242,59.0,88,40,8.05,JP,2021-03-29 00:04:17
430,Amahai,-3.3333,128.9167,79.75,82,100,3.6,ID,2021-03-29 00:04:17
431,Katsuura,35.1333,140.3,64.99,88,20,3.44,JP,2021-03-28 23:57:46
432,Vardo,70.3705,31.1107,33.93,88,58,14.54,NO,2021-03-29 00:04:17
433,Marang,5.2056,103.2059,77.0,94,20,3.44,MY,2021-03-28 23:58:46
434,Honiara,-9.4333,159.95,88.07,59,26,6.51,SB,2021-03-29 00:04:18
435,Taikang,46.8333,124.4167,41.61,74,33,13.35,CN,2021-03-29 00:04:18
436,Cookeville,36.1628,-85.5016,51.8,43,20,6.91,US,2021-03-29 00:04:18
437,Fairbanks,64.8378,-147.7164,19.0,45,1,5.03,US,2021-03-28 23:55:31
438,Scarborough,54.2797,-0.4044,54.0,81,100,8.99,GB,2021-03-28 23:59:18
439,Yerbogachen,61.2767,108.0108,17.98,99,100,2.55,RU,2021-03-28 23:58:04
440,Goderich,43.7501,-81.7165,33.8,93,100,19.57,CA,2021-03-29 00:00:12
441,San Francisco Del Mar,16.2333,-94.65,82.85,67,1,8.66,MX,2021-03-29 00:04:19
442,Karpogory,64.0019,44.4451,32.27,91,99,9.06,RU,2021-03-29 00:04:20
443,Adilcevaz,38.8039,42.7342,28.4,74,40,2.3,TR,2021-03-29 00:02:09
444,College,64.8569,-147.8028,19.0,48,75,4.61,US,2021-03-28 23:58:10
445,Buala,-8.145,159.5921,85.12,69,20,7.85,SB,2021-03-29 00:04:20
446,Mercedes,-34.6515,-59.4307,66.99,96,62,8.28,AR,2021-03-29 00:04:20
447,Poyarkovo,49.6,128.6833,35.42,96,100,11.77,RU,2021-03-29 00:04:21
448,Pokrovsk,48.282,37.1758,34.93,83,13,6.6,UA,2021-03-29 00:04:21
449,Naliya,23.2667,68.8333,74.91,78,6,8.1,IN,2021-03-29 00:04:21
450,Ontario,34.0633,-117.6509,89.01,10,1,9.22,US,2021-03-29 00:03:42
451,Kununurra,-15.7667,128.7333,82.4,78,100,5.75,AU,2021-03-28 23:58:54
452,Zhigansk,66.7697,123.3711,8.42,96,100,4.54,RU,2021-03-29 00:04:22
453,Longyan,25.1072,117.0225,75.99,69,50,3.18,CN,2021-03-29 00:04:22
454,Gao,16.6362,1.637,71.58,13,0,12.64,ML,2021-03-29 00:04:23
455,Dossor,47.5272,52.9811,38.79,90,99,4.94,KZ,2021-03-29 00:04:23
456,Abonnema,4.7084,6.7931,79.81,81,4,5.39,NG,2021-03-29 00:02:46
457,Acari,-15.4311,-74.6158,73.63,78,23,4.16,PE,2021-03-29 00:04:24
458,Opuwo,-18.0607,13.84,72.5,54,86,2.89,NA,2021-03-29 00:01:38
459,Salinopolis,-0.6136,-47.3561,77.45,88,56,9.78,BR,2021-03-29 00:04:24
460,Sorland,67.667,12.6934,39.2,92,100,29.01,NO,2021-03-29 00:00:16
461,Vondrozo,-22.8167,47.2833,65.84,97,10,2.48,MG,2021-03-29 00:04:24
462,Schwarzenbek,53.5,10.4833,48.99,70,100,1.99,DE,2021-03-29 00:04:24
463,Sal Rei,16.1833,-22.9167,68.0,73,75,17.27,CV,2021-03-28 23:59:38
464,Sur,22.5667,59.5289,82.74,37,79,5.37,OM,2021-03-28 23:59:14
465,Cacequi,-29.8836,-54.825,62.96,78,16,6.22,BR,2021-03-29 00:04:25
466,San Ramon,37.7799,-121.978,78.8,17,1,12.66,US,2021-03-29 00:04:25
467,Priupskiy,53.9096,37.736,30.72,92,100,2.48,RU,2021-03-29 00:04:26
468,Tessalit,20.1986,1.0114,71.26,11,0,14.79,ML,2021-03-29 00:02:11
469,Dandong,40.1292,124.3947,47.41,33,0,10.96,CN,2021-03-29 00:04:26
470,Vila,42.0304,-8.1588,53.01,59,5,1.99,PT,2021-03-29 00:04:26
471,Naze,28.3667,129.4833,68.0,88,75,4.61,JP,2021-03-28 23:59:44
472,Brae,60.3964,-1.353,48.2,87,90,25.32,GB,2021-03-29 00:04:27
473,North Platte,41.1239,-100.7654,68.0,21,1,11.5,US,2021-03-29 00:04:07
474,Cheremukhovo,60.3484,59.9851,23.07,92,81,3.65,RU,2021-03-29 00:04:27
475,Bandar-E Lengeh,26.5579,54.8807,76.57,57,98,5.44,IR,2021-03-29 00:04:28
476,Itarema,-2.9248,-39.9167,76.95,84,6,5.32,BR,2021-03-28 23:58:18
477,Sawakin,19.1059,37.3321,73.08,67,38,8.16,SD,2021-03-29 00:03:16
478,Pirgos,35.1167,25.7178,55.0,70,0,4.5,GR,2021-03-29 00:04:28
479,Charters Towers,-20.1,146.2667,80.56,53,69,14.54,AU,2021-03-29 00:00:21
480,Niamey,13.5137,2.1098,82.4,9,0,6.91,NE,2021-03-29 00:04:28
481,Crestview,30.7621,-86.5705,66.2,77,75,9.22,US,2021-03-29 00:02:26
482,Lodi,38.1302,-121.2725,81.0,32,0,5.99,US,2021-03-29 00:03:20
483,Snihurivka,47.0758,32.8052,43.11,84,70,8.79,UA,2021-03-29 00:04:29
484,Acapulco,16.8634,-99.8901,84.2,65,1,9.22,MX,2021-03-28 23:54:50
485,Uaua,-9.8414,-39.4817,79.63,60,89,16.13,BR,2021-03-29 00:04:29
486,Bonfim,3.0833,-59.95,82.87,61,91,10.27,BR,2021-03-29 00:04:30
487,Arak,34.0917,49.6892,39.2,37,0,2.64,IR,2021-03-29 00:02:30
488,Batagay,67.6333,134.6333,6.28,93,100,2.26,RU,2021-03-29 00:04:30
489,Palora,-1.7,-77.9333,69.8,88,90,2.3,EC,2021-03-29 00:04:30
490,Uruzgan,32.8333,66.0,54.45,27,0,5.75,AF,2021-03-29 00:04:31
491,Vung Tau,10.346,107.0843,80.19,78,48,13.33,VN,2021-03-29 00:04:31
492,Guachucal,0.9609,-77.7316,48.9,92,95,5.1,CO,2021-03-29 00:04:31
493,Yertarskiy,56.7902,64.2995,28.4,86,97,11.5,RU,2021-03-29 00:04:31
494,Sierra Vista,31.5545,-110.3037,71.6,10,1,14.97,US,2021-03-29 00:00:00
495,Portland,45.5234,-122.6762,46.99,89,96,5.01,US,2021-03-28 23:56:05
496,Howard Springs,-12.497,131.047,82.99,74,0,6.91,AU,2021-03-29 00:04:32
497,Izumo,35.3667,132.7667,60.8,67,75,5.75,JP,2021-03-29 00:04:32
498,Salekhard,66.53,66.6019,-16.13,100,55,1.79,RU,2021-03-29 00:00:23
499,Pentaplatanon,40.8167,22.4086,55.0,99,15,5.01,GR,2021-03-29 00:04:33
500,Markkleeberg,51.2833,12.4,51.01,62,20,8.05,DE,2021-03-29 00:04:33
501,Horta,38.5333,-28.6333,59.38,85,100,21.83,PT,2021-03-29 00:04:33
502,Poros,37.4994,23.4536,55.0,60,11,1.99,GR,2021-03-29 00:04:33
503,Quchan,37.106,58.5095,30.51,79,67,4.63,IR,2021-03-29 00:04:34
504,Mitsamiouli,-11.3847,43.2844,82.53,70,64,5.73,KM,2021-03-29 00:04:34
505,Catalina,32.5056,-110.9211,82.99,10,0,1.01,US,2021-03-29 00:04:34
506,Poli,-3.3333,36.8,60.94,82,100,2.28,TZ,2021-03-29 00:04:35
507,Dakar,14.6937,-17.4441,64.4,94,5,16.11,SN,2021-03-28 23:59:49
508,Le Port,-20.9373,55.2919,75.2,83,20,4.61,RE,2021-03-29 00:04:35
509,Tezu,27.9167,96.1667,68.99,23,1,3.94,IN,2021-03-28 23:58:37
510,Jalu,29.0331,21.5482,57.06,43,25,8.63,LY,2021-03-29 00:04:35
511,Antofagasta,-23.65,-70.4,64.4,68,0,9.22,CL,2021-03-28 23:56:03
512,Candelaria,13.9311,121.4233,82.0,84,97,1.99,PH,2021-03-29 00:04:36
513,Sao Borja,-28.6606,-56.0044,64.13,77,6,5.79,BR,2021-03-29 00:04:36
514,Pierre,44.3683,-100.351,69.8,21,1,4.61,US,2021-03-29 00:00:55
515,Limulunga,-15.0969,23.1376,65.7,84,60,5.23,ZM,2021-03-29 00:04:37
516,Poronaysk,49.2167,143.1167,31.87,98,100,8.19,RU,2021-03-29 00:04:37
517,Hare Bay,48.8499,-54.0148,23.0,80,98,3.44,CA,2021-03-29 00:04:37
518,Tomohon,1.3346,124.8392,78.8,94,40,2.3,ID,2021-03-29 00:04:38
519,Orlik,52.5178,99.825,14.22,76,100,1.41,RU,2021-03-29 00:04:38
520,Shubarkuduk,49.1447,56.4872,28.13,95,100,8.23,KZ,2021-03-29 00:04:38
521,Haines Junction,60.7522,-137.5108,26.6,22,20,4.61,CA,2021-03-29 00:04:38
522,Rawson,-43.3002,-65.1023,60.69,83,68,15.77,AR,2021-03-28 23:59:04
523,Aykhal,66.0,111.5,14.67,99,100,5.93,RU,2021-03-28 23:59:41
524,Redmond,47.674,-122.1215,44.01,93,92,9.35,US,2021-03-29 00:04:39
525,Copiapo,-27.3667,-70.3333,59.0,77,75,10.36,CL,2021-03-29 00:04:39
526,Coahuayana,18.7333,-103.6833,77.0,57,75,17.27,MX,2021-03-29 00:04:39
527,Sorong,-0.8833,131.25,79.03,84,100,1.03,ID,2021-03-28 23:59:52
528,Port Augusta,-32.5,137.7667,69.8,64,0,6.91,AU,2021-03-29 00:04:40
529,Sarangani,5.4033,125.4636,80.78,76,99,2.84,PH,2021-03-29 00:04:40
530,Port Blair,11.6667,92.75,80.06,76,56,2.77,IN,2021-03-28 23:59:52
531,Flinders,-34.5833,150.8552,73.0,58,3,3.0,AU,2021-03-29 00:04:40
532,Akureyri,65.6835,-18.0878,30.2,69,75,20.71,IS,2021-03-29 00:04:41
533,Maldonado,-34.6667,-54.9167,66.0,94,0,6.91,UY,2021-03-29 00:04:41
534,Shingu,33.7333,135.9833,60.8,72,40,9.22,JP,2021-03-28 23:58:55
535,Namatanai,-3.6667,152.4333,84.69,67,84,7.56,PG,2021-03-28 23:58:32
536,Constitucion,-35.3333,-72.4167,57.15,68,0,0.31,CL,2021-03-28 23:58:56
537,Chicama,-7.8447,-79.1469,73.99,71,75,6.44,PE,2021-03-29 00:04:42
538,Kiunga,-6.1219,141.2906,75.61,91,100,2.84,PG,2021-03-29 00:04:42
539,Lagoa,39.05,-27.9833,59.45,82,100,16.62,PT,2021-03-28 23:58:01
540,Mamakan,57.8161,114.0028,10.29,85,88,2.37,RU,2021-03-29 00:04:42
541,Lubango,-14.9172,13.4925,60.35,86,89,1.72,AO,2021-03-29 00:04:43
542,Katangli,51.7102,143.2326,30.4,97,100,13.58,RU,2021-03-29 00:04:43
543,Sao Joao Da Barra,-21.6403,-41.0511,77.86,88,45,6.69,BR,2021-03-29 00:04:43
544,Buraydah,26.326,43.975,59.0,31,0,5.75,SA,2021-03-29 00:00:11
545,Poya,-21.35,165.15,86.61,58,20,8.23,NC,2021-03-29 00:04:44
546,Korla,41.7597,86.1469,55.81,41,100,9.26,CN,2021-03-29 00:04:44
547,Gravdal,68.1214,13.5031,36.88,85,100,15.99,NO,2021-03-29 00:04:44
548,Olinda,-8.0089,-34.8553,77.0,83,75,3.44,BR,2021-03-29 00:04:45
549,Tyulgan,52.3405,56.166,18.32,88,97,2.8,RU,2021-03-29 00:04:45
550,Gubkinskiy,64.434,76.5026,-3.84,99,89,10.98,RU,2021-03-29 00:03:08
551,Northampton,40.8754,-75.2499,55.99,86,100,17.34,US,2021-03-28 23:58:43
552,Dabat,12.9842,37.765,56.37,64,84,0.92,ET,2021-03-29 00:02:47
553,Broken Hill,-31.95,141.4333,64.4,48,8,10.36,AU,2021-03-28 23:57:52
554,Tasiilaq,65.6145,-37.6368,15.8,62,40,4.61,GL,2021-03-28 23:57:32
555,Upernavik,72.7868,-56.1549,-24.74,78,23,4.83,GL,2021-03-28 23:57:52
556,Riberalta,-10.9833,-66.1,78.8,89,75,6.91,BO,2021-03-29 00:02:48
557,Moussoro,13.6408,16.4901,74.48,12,0,21.79,TD,2021-03-29 00:02:48
558,Vaini,-21.2,-175.2,84.2,79,40,10.36,TO,2021-03-28 23:58:06
559,Punta Arenas,-53.15,-70.9167,46.4,61,0,2.3,CL,2021-03-28 23:57:02
560,Mataura,-46.1927,168.8643,62.01,90,33,10.0,NZ,2021-03-28 23:58:06
561,Saint-Augustin,51.226,-58.6502,6.82,85,37,5.32,CA,2021-03-28 23:59:03
562,Nikolskoye,59.7035,30.7861,39.99,87,0,2.24,RU,2021-03-28 23:58:08
563,Ushuaia,-54.8,-68.3,46.4,57,75,11.5,AR,2021-03-28 23:54:21
564,Port Alfred,-33.5906,26.891,65.08,78,100,20.31,ZA,2021-03-28 23:57:55
565,Saint-Philippe,-21.3585,55.7679,75.2,78,16,5.75,RE,2021-03-28 23:57:36
566,Leningradskiy,69.3833,178.4167,-3.35,91,100,5.59,RU,2021-03-28 23:58:04
567,Hobart,-42.8794,147.3294,57.99,44,75,12.66,AU,2021-03-28 23:56:53
568,Viransehir,37.2353,39.7631,41.95,50,0,8.03,TR,2021-03-29 00:02:49
569,Mount Isa,-20.7333,139.5,78.8,27,2,19.57,AU,2021-03-28 23:59:40
570,Udachnyy,66.4167,112.4,13.32,96,100,4.97,RU,2021-03-28 23:59:20
571,Ulaangom,49.9811,92.0667,16.43,83,92,3.74,MN,2021-03-28 23:59:06
572,Coromandel,-18.4733,-47.2003,74.32,57,97,2.1,BR,2021-03-29 00:02:50
573,Muroto,33.2833,134.15,55.4,82,20,3.44,JP,2021-03-28 23:58:05
574,Rikitea,-23.1203,-134.9692,79.3,74,2,15.55,PF,2021-03-28 23:57:56
575,Praya,14.9215,-23.5087,68.0,73,75,23.02,CV,2021-03-28 23:59:28
576,Georgetown,5.4112,100.3354,79.0,94,20,5.35,MY,2021-03-28 23:58:35
577,Walvis Bay,-22.9575,14.5053,61.0,94,0,6.91,NA,2021-03-28 23:58:20
578,Saint Anthony,45.0205,-93.218,45.0,39,1,12.66,US,2021-03-28 23:58:00
579,Upata,8.0086,-62.3989,77.0,91,57,1.99,VE,2021-03-28 23:59:16
580,Terme,41.2092,36.9739,46.0,87,1,2.3,TR,2021-03-28 23:59:24
581,Necochea,-38.5473,-58.7368,57.99,95,16,8.03,AR,2021-03-28 23:59:07
582,Albany,42.6001,-73.9662,52.0,78,100,17.0,US,2021-03-28 23:57:32
583,Jamestown,42.097,-79.2353,39.0,93,90,21.54,US,2021-03-28 23:57:33
584,Touros,-5.1989,-35.4608,80.6,83,20,4.61,BR,2021-03-29 00:02:51
585,Coquimbo,-29.9533,-71.3436,59.0,77,0,9.22,CL,2021-03-28 23:54:19
586,Ola,59.5833,151.2833,9.27,80,67,0.6,RU,2021-03-29 00:02:51
587,Thunder Bay,48.4001,-89.3168,32.0,47,40,13.8,CA,2021-03-28 23:58:43
588,Isangel,-19.55,169.2667,82.4,74,40,3.44,VU,2021-03-28 23:58:20
589,Bonthe,7.5264,-12.505,78.66,88,62,3.91,SL,2021-03-28 23:59:34
590,Morondava,-20.2833,44.2833,74.66,86,1,7.49,MG,2021-03-28 23:58:56
591,Aksarka,66.5606,67.7975,-21.19,100,76,3.65,RU,2021-03-29 00:02:52
592,Tiksi,71.6872,128.8694,5.13,93,100,1.36,RU,2021-03-28 23:58:33
593,Busselton,-33.65,115.3333,67.5,55,10,5.66,AU,2021-03-28 23:58:09
594,San Quintin,30.4833,-115.95,68.95,40,0,13.85,MX,2021-03-29 00:02:52
595,Castro,-24.7911,-50.0119,64.72,91,99,4.72,BR,2021-03-28 23:53:13
596,Airai,-8.9266,125.4092,61.12,98,100,2.48,TL,2021-03-28 23:58:27
597,New Norfolk,-42.7826,147.0587,57.99,60,73,1.01,AU,2021-03-28 23:57:57
598,Cabangahan,9.0781,122.9469,82.49,72,100,7.49,PH,2021-03-29 00:02:53
599,Bluff,-46.6,168.3333,62.01,90,76,10.0,NZ,2021-03-28 23:57:57
600,Beringovskiy,63.05,179.3167,16.09,90,100,19.6,RU,2021-03-28 23:58:23
601,Esperance,-33.8667,121.9,68.0,68,0,13.8,AU,2021-03-28 23:57:57
602,Utica,43.1009,-75.2327,50.0,88,100,1.99,US,2021-03-29 00:02:53
603,Kurchum,48.5722,83.6542,31.6,99,100,1.45,KZ,2021-03-29 00:02:54
604,Horqueta,-23.3428,-57.0597,70.38,90,100,5.14,PY,2021-03-29 00:02:54
605,Sungaipenuh,-2.0833,101.3833,65.46,98,100,0.76,ID,2021-03-28 23:58:43
606,Ilulissat,69.2167,-51.1,-11.2,44,1,6.76,GL,2021-03-28 23:58:07
607,Tuatapere,-46.1333,167.6833,62.01,90,72,10.0,NZ,2021-03-28 23:58:48
608,Lensk,60.7253,114.9278,20.68,90,77,2.24,RU,2021-03-29 00:02:55
609,Port Elizabeth,-33.918,25.5701,64.4,77,0,12.66,ZA,2021-03-28 23:58:12
610,Yongan,39.6957,113.6871,39.22,19,100,1.16,CN,2021-03-29 00:02:55
611,Clyde River,70.4692,-68.5914,-5.8,77,75,9.22,CA,2021-03-28 23:58:38
612,Ikalamavony,-21.15,46.5833,64.44,89,0,2.3,MG,2021-03-29 00:02:55
613,Inongo,-1.95,18.2667,73.8,83,96,3.6,CD,2021-03-29 00:02:56
614,Poum,-20.2333,164.0167,80.94,73,11,5.57,NC,2021-03-28 23:59:39
615,Gat,31.61,34.7642,53.01,82,1,4.0,IL,2021-03-28 23:59:10
616,Shaowu,27.3409,117.4831,70.83,79,9,2.71,CN,2021-03-28 23:58:19
617,Shubarshi,48.5872,57.1869,27.97,96,100,6.6,KZ,2021-03-29 00:02:56
618,Iqaluit,63.7506,-68.5145,12.2,79,75,12.66,CA,2021-03-28 23:58:35
619,Saldanha,-33.0117,17.9442,62.6,59,100,3.44,ZA,2021-03-28 23:57:01
620,Yellowknife,62.456,-114.3525,24.8,46,75,20.71,CA,2021-03-28 23:58:04
621,Hambantota,6.1241,81.1185,76.41,79,87,4.21,LK,2021-03-28 23:58:28
622,Paita,-5.0892,-81.1144,72.32,76,73,13.27,PE,2021-03-28 23:59:58
623,Huilong,31.8111,121.655,64.0,90,0,4.0,CN,2021-03-29 00:02:57
624,Oussouye,12.485,-16.5469,73.4,88,0,11.5,SN,2021-03-29 00:02:57
625,Labuhan,-6.8844,112.2051,78.71,84,90,5.28,ID,2021-03-28 23:58:18
626,Eureka,40.8021,-124.1637,52.0,79,3,7.0,US,2021-03-28 23:58:21
627,Pisco,-13.7,-76.2167,70.0,73,0,20.71,PE,2021-03-28 23:58:24
628,Atuona,-9.8,-139.0333,80.96,75,91,16.53,PF,2021-03-28 23:58:02
629,Ribeira Grande,38.5167,-28.7,60.37,84,100,22.84,PT,2021-03-28 23:57:42
630,Tadine,-21.55,167.8833,82.51,70,8,12.28,NC,2021-03-29 00:02:58
631,Mont-Joli,48.5839,-68.1921,30.2,86,90,18.41,CA,2021-03-29 00:02:59
632,Chokurdakh,70.6333,147.9167,-2.9,96,98,5.21,RU,2021-03-28 23:58:29
633,Kruisfontein,-34.0033,24.7314,62.01,77,93,4.0,ZA,2021-03-28 23:58:23
634,Leua,48.2156,18.6071,42.01,77,86,1.54,SK,2021-03-29 00:02:59
635,San Vicente,-26.6167,-54.1333,65.34,95,87,1.79,AR,2021-03-29 00:02:59
636,Qandala,11.472,49.8728,79.74,56,4,1.63,SO,2021-03-29 00:03:00
637,Khatanga,71.9667,102.5,-2.67,97,100,7.72,RU,2021-03-28 23:58:09
638,High Level,58.5169,-117.136,21.2,93,90,20.71,CA,2021-03-29 00:03:00
639,Carnarvon,-24.8667,113.6333,71.6,100,40,4.61,AU,2021-03-28 23:58:40
640,Krasnyy Luch,48.1395,38.9371,32.5,83,41,1.41,UA,2021-03-29 00:03:01
641,Butaritari,3.0707,172.7902,81.01,79,81,14.14,KI,2021-03-28 23:58:37
642,Kamenka,51.3223,42.7678,28.0,82,83,7.34,RU,2021-03-29 00:03:01
643,Bandarbeyla,9.4942,50.8122,76.12,72,24,3.87,SO,2021-03-28 23:58:12
644,Fare,-16.7,-151.0167,82.4,72,17,21.25,PF,2021-03-29 00:03:02
645,Chiang Klang,19.2938,100.8617,80.01,88,35,2.3,TH,2021-03-29 00:03:02
646,Lebu,-37.6167,-73.65,55.99,93,2,11.83,CL,2021-03-28 23:59:05
647,Hasaki,35.7333,140.8333,63.0,94,75,3.44,JP,2021-03-28 23:59:42
648,Cape Town,-33.9258,18.4232,66.99,77,0,1.14,ZA,2021-03-28 23:56:55
649,Geraldton,-28.7667,114.6,69.8,73,12,5.75,AU,2021-03-28 23:57:46
650,Husavik,66.0449,-17.3389,30.2,69,75,20.71,IS,2021-03-28 23:59:39
651,Aktas,49.7789,72.9608,23.0,74,75,20.13,KZ,2021-03-29 00:03:03
652,Ahipara,-35.1667,173.1667,71.44,81,46,7.47,NZ,2021-03-28 23:59:02
653,Elizabeth City,36.2946,-76.2511,71.6,73,1,18.41,US,2021-03-29 00:03:03
654,Bilibino,68.0546,166.4372,-5.53,85,67,2.66,RU,2021-03-28 23:58:42
655,Avarua,-21.2078,-159.775,82.4,83,75,16.11,CK,2021-03-28 23:57:58
656,Auray,47.6703,-2.9918,46.99,93,13,2.3,FR,2021-03-29 00:03:04
657,Santa Maria,-29.6842,-53.8069,73.4,73,75,3.44,BR,2021-03-29 00:03:04
658,Buin,-33.7333,-70.75,73.99,49,0,11.5,CL,2021-03-29 00:03:05
659,East London,-33.0153,27.9116,65.16,78,100,13.49,ZA,2021-03-28 23:57:35
660,Hualmay,-11.0964,-77.6139,69.85,84,80,8.48,PE,2021-03-28 23:58:48
661,Kavieng,-2.5744,150.7967,85.68,67,93,13.96,PG,2021-03-28 23:58:44
662,Bengkulu,-3.8004,102.2655,76.44,90,98,3.47,ID,2021-03-28 23:58:09
663,Yenagoa,4.9247,6.2642,77.7,86,0,3.76,NG,2021-03-29 00:03:05
664,Galle,6.0367,80.217,75.0,85,72,7.54,LK,2021-03-29 00:03:05
665,Pulivendla,14.4167,78.2333,77.36,62,68,5.95,IN,2021-03-29 00:03:06
666,Ukiah,39.1502,-123.2078,78.8,21,1,3.44,US,2021-03-29 00:00:02
667,Altamira,-3.2033,-52.2064,72.75,97,91,2.01,BR,2021-03-29 00:03:06
668,Norman Wells,65.282,-126.8329,-0.4,55,75,19.57,CA,2021-03-28 23:58:11
669,Waipawa,-41.4122,175.5153,66.2,88,75,20.71,NZ,2021-03-29 00:03:07
670,Soe,-9.8607,124.284,69.91,87,100,3.69,ID,2021-03-28 23:58:26
671,Boende,-0.2167,20.8667,74.05,81,95,1.99,CD,2021-03-28 23:59:56
672,Barrow,71.2906,-156.7887,-14.8,64,1,13.8,US,2021-03-28 23:55:01
673,Robore,-18.3333,-59.75,73.4,83,90,3.06,BO,2021-03-29 00:03:07
674,Bilma,18.6853,12.9164,69.55,15,0,4.92,NE,2021-03-28 23:57:01
675,Hanumangarh,29.5833,74.3167,77.45,16,17,9.57,IN,2021-03-29 00:03:08
676,Bredasdorp,-34.5322,20.0403,60.8,88,100,13.8,ZA,2021-03-28 23:58:00
677,Hermanus,-34.4187,19.2345,64.99,79,100,7.0,ZA,2021-03-28 23:56:54
678,Manta,-0.95,-80.7333,82.4,74,20,4.61,EC,2021-03-29 00:01:15
679,Lavrentiya,65.5833,-171.0,13.17,92,100,19.53,RU,2021-03-28 23:58:43
680,Lock Haven,41.137,-77.4469,51.01,64,87,8.01,US,2021-03-29 00:03:08
681,Nuuk,64.1835,-51.7216,8.6,61,20,9.22,GL,2021-03-28 23:56:22
682,Tautira,-17.7333,-149.15,89.6,58,40,18.41,PF,2021-03-29 00:03:09
683,Beni,0.5,29.4667,67.71,72,99,2.17,CD,2021-03-29 00:03:09
684,Saint George,37.1041,-113.5841,75.99,16,1,3.44,US,2021-03-28 23:58:10
685,Arraial Do Cabo,-22.9661,-42.0278,77.81,88,56,8.25,BR,2021-03-28 23:58:11
686,Hofn,64.2539,-15.2082,27.5,62,27,10.11,IS,2021-03-28 23:58:51
687,Nancha,47.1333,129.2667,37.81,99,100,1.3,CN,2021-03-29 00:03:10
688,Ishikawa,26.4233,127.8214,73.4,94,75,5.75,JP,2021-03-29 00:03:10
689,Murgab,37.4966,61.9714,42.8,81,4,9.22,TM,2021-03-29 00:03:11
690,Micheweni,-4.9667,39.8333,80.55,80,22,4.0,TZ,2021-03-29 00:03:11
691,Flagstaff,35.1981,-111.6513,60.8,20,1,10.36,US,2021-03-28 23:58:16
692,Sterling,39.0062,-77.4286,57.99,58,90,20.71,US,2021-03-29 00:02:01
693,Qaanaaq,77.484,-69.3632,-20.81,75,66,5.91,GL,2021-03-28 23:58:01
694,Puerto Ayora,-0.7393,-90.3518,79.0,91,33,3.0,EC,2021-03-28 23:57:54
695,Hilo,19.7297,-155.09,73.4,73,90,10.36,US,2021-03-28 23:58:00
696,Pingzhuang,42.0372,119.2889,41.23,22,2,17.16,CN,2021-03-29 00:03:12
697,Purificacion,3.8587,-74.9313,80.08,73,53,3.8,CO,2021-03-29 00:03:12
698,Victoria,22.2855,114.1577,77.0,87,26,7.09,HK,2021-03-29 00:00:40
699,Lompoc,34.6391,-120.4579,66.99,82,0,16.11,US,2021-03-28 23:58:56
700,Ortona,42.3496,14.4039,53.01,93,90,1.14,IT,2021-03-29 00:03:12
701,Jiaojiang,28.6803,121.4428,64.99,95,27,1.01,CN,2021-03-29 00:03:13
702,Sakaiminato,35.55,133.2333,60.8,72,40,8.05,JP,2021-03-29 00:03:13
703,Bathsheba,13.2167,-59.5167,78.8,69,40,21.85,BB,2021-03-28 23:58:25
704,Valdivia,-39.8142,-73.2459,68.0,56,1,6.91,CL,2021-03-28 23:59:44
705,Voi,-3.3945,38.563,73.2,75,100,2.91,KE,2021-03-29 00:03:14
706,Teguise,29.0605,-13.564,64.4,77,20,3.44,ES,2021-03-28 23:59:45
707,Kahului,20.8947,-156.47,75.2,64,40,23.02,US,2021-03-28 23:57:56
708,Olafsvik,64.8945,-23.7142,28.96,63,100,13.69,IS,2021-03-29 00:03:14
709,Oranjemund,-28.55,16.4333,59.65,87,0,1.7,NA,2021-03-29 00:00:00
710,Severo-Yeniseyskiy,60.3725,93.0408,12.33,98,100,0.63,RU,2021-03-29 00:03:15
711,Denpasar,-8.65,115.2167,78.8,94,40,2.3,ID,2021-03-28 23:55:44
712,Vaitape,-16.5167,-151.75,82.76,72,45,20.09,PF,2021-03-29 00:03:15
713,Cabo San Lucas,22.8909,-109.9124,78.01,25,40,11.5,MX,2021-03-28 23:56:54
714,Takoradi,4.8845,-1.7554,79.54,86,12,7.72,GH,2021-03-29 00:03:16
715,Kodiak,57.79,-152.4072,44.6,49,1,9.22,US,2021-03-28 23:56:23
716,Ayan,56.45,138.1667,22.35,85,100,4.61,RU,2021-03-29 00:03:16
717,Marsh Harbour,26.5412,-77.0636,76.59,77,11,10.67,BS,2021-03-29 00:00:12
718,Porto Novo,6.4965,2.6036,82.4,83,20,6.91,BJ,2021-03-29 00:03:16
719,Mahebourg,-20.4081,57.7,75.2,88,20,5.75,MU,2021-03-28 23:58:26
720,Pacific Grove,36.6177,-121.9166,62.6,59,1,6.91,US,2021-03-29 00:01:09
721,Ust-Nera,64.5667,143.2,7.92,93,98,5.3,RU,2021-03-29 00:03:17
722,Ketchikan,55.3422,-131.6461,42.8,56,40,19.57,US,2021-03-28 23:58:30
723,Fortuna,40.5982,-124.1573,51.01,87,20,19.57,US,2021-03-28 23:58:16
724,Umrala,21.8333,71.8167,81.1,36,17,7.49,IN,2021-03-29 00:03:17
725,Half Moon Bay,37.4636,-122.4286,73.4,87,1,10.36,US,2021-03-28 23:58:18
726,Tura,25.5198,90.2201,71.53,26,0,4.94,IN,2021-03-28 23:57:56
727,Torbay,47.6666,-52.7314,25.0,68,75,2.3,CA,2021-03-28 23:58:30
728,Kapaa,22.0752,-159.319,77.0,73,90,18.41,US,2021-03-28 23:56:49
729,Champerico,14.3,-91.9167,87.8,66,75,9.22,GT,2021-03-28 23:59:18
730,Pevek,69.7008,170.3133,-11.2,95,71,4.38,RU,2021-03-28 23:58:18
731,Faya,18.3851,42.4509,59.0,62,0,5.57,SA,2021-03-29 00:03:18
732,Paharpur,32.1038,70.9724,73.18,43,1,1.5,PK,2021-03-29 00:03:18
733,Erzin,36.9559,36.2,50.0,63,0,8.99,TR,2021-03-29 00:03:19
734,Cam Ranh,11.9214,109.1591,77.0,83,0,3.06,VN,2021-03-29 00:03:19
735,Codrington,-38.2667,141.9667,61.9,61,90,5.59,AU,2021-03-28 23:58:41
736,Souillac,-20.5167,57.5167,75.2,88,20,5.75,MU,2021-03-28 23:58:25
737,Mitu,1.1983,-70.1733,69.69,98,100,2.19,CO,2021-03-29 00:03:19
738,Manzhouli,49.6,117.4333,29.91,53,3,17.78,CN,2021-03-29 00:03:20
739,Abu Dhabi,24.4667,54.3667,73.4,68,0,8.05,AE,2021-03-28 23:59:09
740,Caiaponia,-16.9567,-51.8103,69.51,61,3,1.81,BR,2021-03-29 00:03:20
741,Tuktoyaktuk,69.4541,-133.0374,-13.0,77,90,12.66,CA,2021-03-28 23:57:31
742,Avera,33.194,-82.5271,64.4,78,1,4.61,US,2021-03-28 23:58:33
743,Shelburne,44.0787,-80.2041,37.0,100,99,24.92,CA,2021-03-28 23:59:16
744,Bambous Virieux,-20.3428,57.7575,75.99,88,20,5.75,MU,2021-03-28 23:57:58
745,Saskylakh,71.9167,114.0833,-1.62,97,99,3.4,RU,2021-03-28 23:58:23
746,Rocha,-34.4833,-54.3333,61.72,95,77,3.85,UY,2021-03-28 23:58:05
747,Sibolga,1.7427,98.7792,76.12,87,98,3.15,ID,2021-03-29 00:03:21
748,Kavaratti,10.5669,72.642,82.98,71,100,1.5,IN,2021-03-28 23:59:24
749,Ponta Do Sol,32.6667,-17.1,61.0,54,71,8.99,PT,2021-03-28 23:58:59
750,Ayame,5.6083,-3.1563,75.76,92,36,3.29,CI,2021-03-29 00:03:21
751,Beisfjord,68.3751,17.5988,35.6,69,40,3.44,NO,2021-03-28 23:59:03
752,Siocon,7.7061,122.1353,81.82,76,46,6.89,PH,2021-03-29 00:03:22
753,Berlevag,70.8578,29.0864,30.76,79,74,12.03,NO,2021-03-28 23:58:43
754,Kaitangata,-46.2817,169.8464,64.99,74,42,4.88,NZ,2021-03-28 23:58:17
755,Hithadhoo,-0.6,73.0833,78.85,85,100,32.06,MV,2021-03-28 23:58:08
756,Baijiantan,45.6333,85.1833,48.24,70,99,9.04,CN,2021-03-29 00:03:22
757,Bethel,41.3712,-73.414,57.99,97,100,1.01,US,2021-03-28 23:58:50
758,Klaksvik,62.2266,-6.589,41.0,87,20,12.66,FO,2021-03-28 23:58:49
759,Nguruka,-5.1092,31.0419,64.76,90,78,2.28,TZ,2021-03-28 23:59:52
760,Thompson,55.7435,-97.8558,26.6,59,90,6.91,CA,2021-03-28 23:54:18
761,Cayenne,4.9333,-52.3333,81.0,78,40,10.36,GF,2021-03-28 23:58:17
762,Mexico,15.0646,120.7198,80.6,78,75,2.3,PH,2021-03-29 00:01:09
763,Pontianak,-0.0333,109.3333,75.2,100,75,2.04,ID,2021-03-29 00:03:23
764,Skjervoy,70.0311,20.9714,33.33,75,72,13.62,NO,2021-03-29 00:03:24
765,Wana,32.2989,69.5725,62.87,22,0,8.66,PK,2021-03-29 00:03:24
766,Atar,20.5169,-13.0499,76.03,26,72,7.52,MR,2021-03-28 23:57:52
767,Lodwar,3.1191,35.5973,85.08,41,90,4.81,KE,2021-03-29 00:03:24
768,Dunedin,-45.8742,170.5036,60.01,93,29,3.0,NZ,2021-03-28 23:58:58
769,Pokhara,28.2333,83.9833,64.98,21,1,7.31,NP,2021-03-28 23:59:05
770,Jataizinho,-23.2542,-50.98,78.8,73,0,4.88,BR,2021-03-29 00:03:25
771,Sumbe,-11.2061,13.8437,76.71,82,18,3.62,AO,2021-03-29 00:03:25
772,Ampanihy,-24.7,44.75,67.55,94,0,3.56,MG,2021-03-29 00:03:25
773,Noyabrsk,63.1994,75.4507,4.55,95,94,11.5,RU,2021-03-28 23:59:04
774,Ulaanbaatar,47.9077,106.8832,14.0,73,0,5.46,MN,2021-03-29 00:01:44
775,Cidreira,-30.1811,-50.2056,73.24,83,30,5.3,BR,2021-03-28 23:59:13
776,Waitati,-45.75,170.5667,60.01,92,24,4.0,NZ,2021-03-29 00:03:28
777,Kalmunai,7.4167,81.8167,76.42,81,81,5.7,LK,2021-03-29 00:03:28
778,Ipameri,-17.7219,-48.1597,72.84,61,63,0.69,BR,2021-03-29 00:03:28
779,Erenhot,43.6475,111.9767,34.75,27,60,5.39,CN,2021-03-29 00:03:25
780,Dhidhdhoo,6.8833,73.1,84.18,69,78,14.27,MV,2021-03-29 00:03:29
781,Usinsk,65.9939,57.5281,21.78,96,99,7.0,RU,2021-03-28 23:59:01
782,Sao Filipe,14.8961,-24.4956,69.71,71,50,13.89,CV,2021-03-28 23:59:12
783,Ust-Barguzin,53.45,108.9833,15.55,86,82,5.79,RU,2021-03-29 00:03:29
784,Ojinaga,29.5667,-104.4167,75.2,15,1,11.5,MX,2021-03-29 00:03:30
785,Te Anau,-45.4167,167.7167,61.68,76,80,4.97,NZ,2021-03-29 00:01:23
786,Mar Del Plata,-38.0023,-57.5575,66.0,88,40,11.5,AR,2021-03-28 23:58:14
787,Nyurba,63.2842,118.3319,16.32,94,92,4.54,RU,2021-03-28 23:59:00
788,Aden,12.7794,45.0367,79.65,65,6,7.27,YE,2021-03-29 00:02:46
789,Marinette,45.1,-87.6307,33.8,51,90,9.22,US,2021-03-29 00:03:31
790,Jinxiang,27.4327,120.6062,61.72,82,7,0.67,CN,2021-03-29 00:03:31
791,Chuy,-33.6971,-53.4616,63.36,92,45,4.54,UY,2021-03-28 23:57:00
792,Makakilo City,21.3469,-158.0858,78.8,57,75,9.22,US,2021-03-29 00:03:31
793,Baykit,61.67,96.37,21.25,96,100,1.43,RU,2021-03-28 23:58:02
794,Ziniare,12.5822,-1.2983,78.39,10,0,10.18,BF,2021-03-29 00:03:32
795,Andenes,69.3143,16.1194,33.8,75,97,10.36,NO,2021-03-28 23:58:41
796,Tairua,-37.0167,175.85,69.01,88,100,8.99,NZ,2021-03-29 00:03:32
797,Puerto Penasco,31.3167,-113.5333,73.99,53,0,11.01,MX,2021-03-29 00:03:33
798,Sainte-Savine,48.2964,4.0464,39.2,81,0,4.61,FR,2021-03-29 00:03:33
799,Mecca,21.4267,39.8261,73.11,58,0,5.48,SA,2021-03-29 00:00:07
800,Minbu,20.1833,94.8833,82.42,36,99,5.48,MM,2021-03-29 00:03:33
801,Sinnamary,5.3833,-52.95,77.83,84,98,13.89,GF,2021-03-29 00:03:34
802,Laukaa,58.7372,29.8453,34.39,95,94,4.12,RU,2021-03-29 00:03:34
803,Moerai,-22.4333,-151.3333,81.0,73,3,19.6,PF,2021-03-29 00:03:34
804,Abalak,58.1286,68.5944,18.19,95,98,4.27,RU,2021-03-29 00:03:35
805,Mount Gambier,-37.8333,140.7667,60.8,88,90,4.61,AU,2021-03-29 00:03:35
806,Hobyo,5.3505,48.5268,79.43,79,61,11.01,SO,2021-03-28 23:58:03
807,Hamilton,39.1834,-84.5333,45.0,53,90,16.11,US,2021-03-28 23:57:55
808,Gombong,-7.6072,109.5142,78.04,86,79,2.64,ID,2021-03-29 00:03:35
809,Salalah,17.0151,54.0924,75.2,53,0,3.44,OM,2021-03-28 23:59:21
810,Tanete,-3.9443,119.7848,75.65,93,100,1.28,ID,2021-03-29 00:03:36
811,Bhatkal,13.9667,74.5667,79.61,87,86,3.83,IN,2021-03-29 00:03:36
812,Pangai,-19.8,-174.35,86.0,74,20,17.27,TO,2021-03-29 00:03:36
813,New Waterford,40.8451,-80.6145,41.0,62,94,11.99,US,2021-03-29 00:03:37
814,Hami,42.8,93.45,57.11,27,87,9.69,CN,2021-03-28 23:58:40
815,Luderitz,-26.6481,15.1594,61.29,85,0,4.92,NA,2021-03-28 23:58:03
816,Vemalwada,18.4667,78.8833,77.18,22,2,3.67,IN,2021-03-29 00:03:37
817,Atasu,48.6814,71.6433,21.38,90,96,12.3,KZ,2021-03-29 00:00:24
818,Corner Brook,48.9667,-57.9484,30.2,55,1,13.8,CA,2021-03-29 00:03:38
819,Lorengau,-2.0226,147.2712,83.77,77,100,9.73,PG,2021-03-28 23:59:00
820,Longyearbyen,78.2186,15.6401,28.4,74,20,2.3,SJ,2021-03-28 23:57:52
821,Yumen,40.2833,97.2,43.02,52,48,10.49,CN,2021-03-28 23:59:34
822,Csenger,47.8358,22.681,32.0,86,52,2.33,HU,2021-03-29 00:03:38
823,Acarau,-2.8856,-40.12,77.43,83,9,6.02,BR,2021-03-29 00:03:38
824,Yulara,-25.2406,130.9889,75.2,46,0,11.5,AU,2021-03-28 23:56:55
825,Culpeper,38.5004,-77.9664,62.6,51,90,10.36,US,2021-03-29 00:03:39
826,Gull Lake,50.1001,-108.4847,62.6,25,40,29.93,CA,2021-03-29 00:03:39
827,Dingle,10.9995,122.6711,81.3,78,100,8.57,PH,2021-03-28 23:57:58
828,Ewa Beach,21.3156,-158.0072,78.8,57,75,9.22,US,2021-03-29 00:03:40
829,Quatre Cocos,-20.2078,57.7625,75.99,88,20,5.75,MU,2021-03-29 00:03:40
830,Jibuti,11.5,42.5,77.0,57,1,7.07,DJ,2021-03-29 00:03:40
831,Provideniya,64.3833,-173.3,15.67,88,100,21.85,RU,2021-03-28 23:57:57
832,Grand Gaube,-20.0064,57.6608,75.99,82,3,3.51,MU,2021-03-29 00:03:41
833,Puerto Escondido,15.85,-97.0667,84.2,70,1,9.22,MX,2021-03-29 00:03:41
834,San Cristobal,7.7669,-72.225,68.27,84,89,2.91,VE,2021-03-29 00:00:25
835,Umm Kaddadah,13.6017,26.6876,65.61,13,0,14.83,SD,2021-03-28 23:59:13
836,Boguchany,58.3814,97.4531,29.12,97,100,2.86,RU,2021-03-29 00:03:41
837,Lagunas,-5.2269,-75.6753,73.76,97,66,3.13,PE,2021-03-29 00:03:42
838,Nhulunbuy,-12.2333,136.7667,82.4,83,75,5.75,AU,2021-03-29 00:03:42
839,Daru,-9.0763,143.2092,81.12,87,100,9.55,PG,2021-03-28 23:58:44
840,Port Lincoln,-34.7333,135.8667,66.16,71,3,9.86,AU,2021-03-28 23:59:07
841,Talnakh,69.4865,88.3972,-14.37,99,64,4.12,RU,2021-03-28 23:57:36
842,Padang,-0.9492,100.3543,73.4,100,20,2.3,ID,2021-03-28 23:59:17
843,Taoudenni,22.6783,-3.9836,79.12,7,99,12.71,ML,2021-03-29 00:03:43
844,Sakakah,29.9697,40.2064,50.0,25,0,8.05,SA,2021-03-29 00:03:43
845,Vila Velha,-20.3297,-40.2925,77.0,83,0,2.3,BR,2021-03-28 23:54:20
846,Shitanjing,39.2342,106.3439,40.59,29,66,4.27,CN,2021-03-29 00:03:44
847,Ovalle,-30.5983,-71.2003,69.93,57,0,3.94,CL,2021-03-29 00:02:37
848,Saint-Louis,16.3333,-15.0,84.2,34,0,4.61,SN,2021-03-29 00:03:44
849,Carauari,-4.8828,-66.8958,73.87,98,77,0.4,BR,2021-03-29 00:03:44
850,Vitim,59.4511,112.5578,19.11,91,99,1.9,RU,2021-03-29 00:03:45
851,Vostok,46.4856,135.8833,36.18,90,100,3.85,RU,2021-03-29 00:00:20
852,Morehead,37.2711,-87.1764,51.01,29,1,8.05,US,2021-03-29 00:03:45
853,Dikson,73.5069,80.5464,-27.63,100,96,7.25,RU,2021-03-28 23:57:38
854,Faanui,-16.4833,-151.75,82.76,72,45,20.07,PF,2021-03-28 23:58:01
855,Komsomolskiy,40.4272,71.7189,50.0,62,75,18.41,UZ,2021-03-29 00:03:46
856,Narsaq,60.9167,-46.05,21.2,58,0,2.3,GL,2021-03-28 23:57:58
857,Trincomalee,8.5711,81.2335,78.93,80,57,7.85,LK,2021-03-29 00:03:46
858,Springbok,-29.6643,17.8865,63.0,30,1,3.0,ZA,2021-03-29 00:03:46
859,Tabou,4.423,-7.3528,78.19,88,82,4.16,CI,2021-03-28 23:58:12
860,Baruun-Urt,46.6806,113.2792,29.52,43,3,6.31,MN,2021-03-29 00:03:47
861,Nioro,13.35,-15.75,76.62,35,2,6.64,GM,2021-03-28 23:58:31
862,Mailsi,29.8003,72.1758,78.53,17,5,8.75,PK,2021-03-29 00:03:47
863,Comodoro Rivadavia,-45.8667,-67.5,57.2,77,0,9.22,AR,2021-03-29 00:03:06
864,Severo-Kurilsk,50.6789,156.125,30.27,71,6,7.31,RU,2021-03-28 23:58:08
865,Kondoa,-4.9,35.7833,60.49,96,99,3.65,TZ,2021-03-29 00:03:48
866,Vrangel,42.7297,133.0839,35.87,98,95,3.06,RU,2021-03-29 00:03:48
867,Perelyub,51.8667,50.3667,32.07,96,100,12.91,RU,2021-03-29 00:03:48
868,Barranca De Upia,4.5696,-72.9668,79.47,67,85,3.02,CO,2021-03-29 00:03:48
869,Yarensk,62.1675,49.0916,31.69,87,100,5.91,RU,2021-03-29 00:03:49
870,Jefferson City,38.5767,-92.1735,55.4,35,1,9.22,US,2021-03-29 00:01:51
871,Inhambane,-23.865,35.3833,71.55,81,3,12.08,MZ,2021-03-29 00:03:49
872,Comonfort,20.7167,-100.7667,73.99,47,49,10.0,MX,2021-03-29 00:03:49
873,Viedma,-40.8135,-62.9967,63.18,34,91,5.06,AR,2021-03-29 00:03:50
874,Adrar,20.5022,-10.0711,79.38,8,85,10.87,MR,2021-03-28 23:57:39
875,Gushikawa,26.3544,127.8686,73.4,94,75,5.75,JP,2021-03-29 00:03:50
876,Nanortalik,60.1432,-45.2371,22.3,69,2,17.05,GL,2021-03-28 23:58:08
877,Marzuq,14.4,46.4667,63.77,27,1,5.01,YE,2021-03-28 23:58:26
878,Mukhen,48.1,136.1,38.21,86,100,6.51,RU,2021-03-29 00:03:50
879,Sasaram,24.951,84.0149,75.0,15,0,3.69,IN,2021-03-29 00:03:51
880,Meulaboh,4.1363,96.1285,76.28,88,96,4.56,ID,2021-03-28 23:58:52
881,Palmer,42.1584,-72.3287,55.0,100,90,3.44,US,2021-03-28 23:58:53
882,Vallenar,-28.5708,-70.7581,66.63,60,0,3.31,CL,2021-03-28 23:59:00
883,Pochutla,15.7432,-96.4661,87.8,45,1,17.27,MX,2021-03-28 23:59:18
884,Vuktyl,63.8567,57.3094,26.38,98,100,3.8,RU,2021-03-29 00:03:51
885,Cockburn Town,21.4612,-71.1419,78.8,69,40,17.27,TC,2021-03-29 00:03:52
886,Slavyanka,42.8633,131.3847,43.43,77,99,11.45,RU,2021-03-29 00:03:52
887,Rawlins,41.7911,-107.2387,55.4,21,1,25.32,US,2021-03-29 00:03:09
888,Burgersdorp,-30.9977,26.3286,58.59,42,100,3.87,ZA,2021-03-29 00:03:52
889,Guerrero Negro,27.9769,-114.0611,78.17,28,29,11.1,MX,2021-03-28 23:58:17
890,Amparafaravola,-17.5833,48.2167,65.66,95,14,1.52,MG,2021-03-29 00:03:53
891,Bjelovar,45.8986,16.8489,37.4,87,0,1.99,HR,2021-03-29 00:03:53
892,Alihe,50.5667,123.7167,34.95,98,100,4.68,CN,2021-03-29 00:03:53
893,Maun,-19.9833,23.4167,69.8,68,0,4.61,BW,2021-03-29 00:03:54
894,Arrecife,28.963,-13.5477,64.4,77,20,3.44,ES,2021-03-29 00:03:54
895,Nemuro,43.3236,145.575,46.4,100,75,6.91,JP,2021-03-29 00:03:54
896,Mata,40.683,-7.4592,55.0,67,34,3.02,PT,2021-03-29 00:03:55
897,Armidale,-30.5167,151.65,68.0,64,15,2.13,AU,2021-03-29 00:02:19
898,Cherskiy,68.75,161.3,-0.2,83,99,4.05,RU,2021-03-28 23:59:01
899,Tiznit,29.5833,-9.5,62.62,54,32,2.1,MA,2021-03-28 23:58:30
900,Birnin Kebbi,12.4539,4.1975,77.2,14,0,11.03,NG,2021-03-29 00:03:55
901,Abapo,-18.8333,-63.4667,63.55,68,93,1.61,BO,2021-03-29 00:03:56
902,Bria,6.5423,21.9863,71.22,30,1,4.76,CF,2021-03-29 00:03:56
903,Naryan-Mar,67.6713,53.087,33.66,93,100,10.78,RU,2021-03-29 00:03:56
904,Uglich,57.5275,38.3317,25.74,94,13,4.63,RU,2021-03-29 00:03:57
905,Homer,59.6425,-151.5483,36.0,51,75,1.07,US,2021-03-28 23:59:49
906,Ardakan,32.31,54.0175,50.0,23,0,4.61,IR,2021-03-29 00:03:57
907,Birin,26.8865,88.0718,62.6,82,40,2.3,NP,2021-03-29 00:03:58
908,Raudeberg,61.9875,5.1352,44.01,69,87,21.83,NO,2021-03-29 00:03:58
909,Esna,25.2934,32.554,60.8,41,0,17.25,EG,2021-03-29 00:03:58
910,Aklavik,68.2191,-135.0107,-4.0,54,50,4.61,CA,2021-03-28 23:58:24
911,Markova,48.6758,24.4138,27.66,85,30,6.17,UA,2021-03-29 00:03:59
912,Bubaque,11.2833,-15.8333,75.63,74,0,18.41,GW,2021-03-28 23:58:21
913,Fez,34.0372,-4.9998,53.6,82,0,2.3,MA,2021-03-29 00:00:39
914,Terrace,54.5163,-128.6035,41.0,48,75,14.97,CA,2021-03-29 00:00:12
915,Tome,-36.6167,-72.95,55.4,88,0,5.75,CL,2021-03-29 00:03:59
916,Havre-Saint-Pierre,50.2334,-63.5986,28.4,69,90,12.66,CA,2021-03-28 23:59:41
917,Varia,44.5725,-0.1104,53.01,63,5,3.0,FR,2021-03-29 00:04:00
918,Namtsy,62.7161,129.6658,1.4,85,40,2.24,RU,2021-03-29 00:04:00
919,Mayo,38.8876,-76.5119,59.0,88,90,10.36,US,2021-03-29 00:05:15
920,Rieti,42.4072,12.8592,48.99,60,6,4.61,IT,2021-03-29 00:05:16
921,Green River,41.5286,-109.4662,55.99,21,1,21.85,US,2021-03-29 00:04:01
922,Rock Sound,24.9,-76.2,77.14,69,1,12.59,BS,2021-03-29 00:05:16
923,Ambon,-3.6954,128.1814,80.6,83,20,5.75,ID,2021-03-29 00:04:01
924,Vao,-22.6667,167.4833,77.67,80,13,14.03,NC,2021-03-29 00:05:17
925,Mogok,22.9167,96.5,68.38,32,100,1.07,MM,2021-03-29 00:04:02
926,Marondera,-18.1853,31.5519,56.03,93,93,12.06,ZW,2021-03-29 00:05:17
927,Ribeira Brava,32.65,-17.0667,61.0,74,69,3.0,PT,2021-03-29 00:05:17
928,Peace River,56.2501,-117.286,26.6,74,90,29.93,CA,2021-03-29 00:04:03
929,Katobu,-4.9408,122.5276,75.85,94,100,5.59,ID,2021-03-29 00:05:18
930,Lazaro Cardenas,17.9583,-102.2,79.7,59,2,7.63,MX,2021-03-29 00:00:18
931,Batemans Bay,-35.7167,150.1833,69.01,65,6,1.99,AU,2021-03-29 00:05:18
932,Whitehorse,60.7161,-135.0538,23.0,33,75,12.66,CA,2021-03-29 00:04:04
933,Muros,42.7762,-9.0603,54.0,80,0,7.61,ES,2021-03-29 00:05:19
934,Luganville,-15.5333,167.1667,83.64,78,36,9.78,VU,2021-03-29 00:05:19
935,Paramirim,-13.4425,-42.2389,75.4,33,28,4.63,BR,2021-03-29 00:05:19
936,Bela,25.9333,81.9833,75.56,15,2,5.28,IN,2021-03-29 00:04:05
937,Cururupu,-1.8283,-44.8683,74.14,97,53,2.93,BR,2021-03-29 00:05:20
938,Lakes Entrance,-37.8811,147.981,61.0,71,58,3.0,AU,2021-03-29 00:05:20
939,Sosnovo,60.5514,30.2144,35.01,97,87,5.93,RU,2021-03-29 00:05:20
940,Malanje,-9.5402,16.341,61.92,92,64,3.31,AO,2021-03-29 00:04:06
941,Wanxian,30.8039,108.3897,66.88,69,19,2.89,CN,2021-03-29 00:05:21
942,Luebo,-5.35,21.4167,70.11,93,87,1.54,CD,2021-03-29 00:05:21
943,Alofi,-19.0595,-169.9187,82.4,78,6,18.41,NU,2021-03-29 00:00:22
944,Kummersbruck,49.4192,11.8883,39.0,87,1,3.58,DE,2021-03-29 00:05:22
945,Parana,-31.732,-60.5238,66.99,91,80,6.62,AR,2021-03-29 00:05:22
946,Nome,64.5011,-165.4064,19.99,93,90,29.93,US,2021-03-29 00:05:23
947,Axim,4.8699,-2.2405,78.8,88,13,6.58,GH,2021-03-29 00:05:23
948,Tempio Pausania,40.8974,9.1035,44.6,93,0,2.57,IT,2021-03-29 00:05:23
949,Raga,8.4596,25.678,75.92,16,2,8.05,SS,2021-03-29 00:04:08
950,Novikovo,51.1537,37.8879,32.7,95,100,4.72,RU,2021-03-29 00:05:24
951,Turbat,26.0023,63.044,78.35,46,63,3.67,PK,2021-03-29 00:04:09
952,Braila,45.2667,27.9833,39.2,75,96,9.22,RO,2021-03-29 00:05:24
953,Plerin,48.5425,-2.7798,46.99,84,21,5.99,FR,2021-03-29 00:05:24
954,Jasper,37.2001,-94.3502,55.99,38,1,4.61,US,2021-03-29 00:05:25
955,San Juan,-31.5375,-68.5364,70.39,24,0,9.66,AR,2021-03-29 00:05:25
956,Sao Felix Do Xingu,-6.6447,-51.995,72.84,92,57,2.01,BR,2021-03-29 00:05:25
957,Pangody,65.85,74.4859,-12.28,99,82,8.86,RU,2021-03-29 00:05:26
958,Katherine,-14.4667,132.2667,78.8,78,97,4.61,AU,2021-03-29 00:04:12
959,Shahreza,32.0339,51.8794,44.04,27,7,5.68,IR,2021-03-29 00:04:12
960,Bor,56.3567,44.0669,19.4,79,0,3.51,RU,2021-03-29 00:04:12
961,Sao Jose Da Coroa Grande,-8.8978,-35.1478,78.78,80,90,6.2,BR,2021-03-29 00:05:26
962,Seymchan,62.8833,152.4333,0.64,81,100,1.81,RU,2021-03-29 00:04:13
963,Kroya,-7.6331,109.2461,78.78,85,86,3.38,ID,2021-03-29 00:05:26
964,Ancud,-41.8697,-73.8203,62.6,72,0,12.66,CL,2021-03-29 00:05:27
965,Matamoros,25.5333,-103.25,75.2,31,75,23.02,MX,2021-03-29 00:05:27
966,Sola,-13.8833,167.55,84.2,89,90,5.75,VU,2021-03-29 00:04:14
967,Nizwa,22.9333,57.5333,78.37,17,17,4.47,OM,2021-03-29 00:05:27
968,Destin,30.3935,-86.4958,71.6,78,75,19.57,US,2021-03-29 00:01:47
969,Sesheke,-17.4759,24.2968,64.17,76,33,2.95,ZM,2021-03-29 00:04:14
970,Russell,32.3502,-85.1999,62.6,72,75,12.66,US,2021-03-29 00:05:28
971,Margate,51.3813,1.3862,48.99,71,96,5.01,GB,2021-03-29 00:05:28
972,Qaqortoq,60.7167,-46.0333,19.4,53,0,4.61,GL,2021-03-29 00:05:28
973,Los Llanos De Aridane,28.6585,-17.9182,64.4,77,75,3.44,ES,2021-03-29 00:05:29
974,Zakamensk,50.3741,103.2863,26.19,63,84,1.61,RU,2021-03-29 00:05:29
975,Pangnirtung,66.1451,-65.7125,-0.76,96,100,2.55,CA,2021-03-29 00:05:29
976,Ducheng,23.2373,111.5317,77.81,77,46,3.96,CN,2021-03-29 00:01:43
977,Khash,28.2211,61.2158,59.4,31,68,6.55,IR,2021-03-29 00:03:05
978,Omsukchan,62.5333,155.8,7.7,72,93,3.11,RU,2021-03-29 00:05:30
979,Yurimaguas,-5.9,-76.0833,75.2,100,90,5.75,PE,2021-03-29 00:05:30
980,Noshiro,40.2039,140.0242,59.0,88,40,8.05,JP,2021-03-29 00:05:30
981,Amahai,-3.3333,128.9167,79.75,82,100,3.6,ID,2021-03-29 00:05:31
982,Katsuura,35.1333,140.3,66.0,88,20,3.44,JP,2021-03-29 00:05:31
983,Vardo,70.3705,31.1107,33.93,88,58,14.54,NO,2021-03-29 00:05:31
984,Marang,5.2056,103.2059,77.0,94,20,3.44,MY,2021-03-29 00:00:44
985,Honiara,-9.4333,159.95,88.07,59,26,6.51,SB,2021-03-29 00:04:18
986,Taikang,46.8333,124.4167,41.61,74,33,13.35,CN,2021-03-29 00:05:32
987,Cookeville,36.1628,-85.5016,51.8,43,20,6.91,US,2021-03-29 00:05:20
988,Fairbanks,64.8378,-147.7164,21.0,45,1,5.03,US,2021-03-29 00:00:53
989,Scarborough,54.2797,-0.4044,54.0,81,100,8.01,GB,2021-03-29 00:05:32
990,Yerbogachen,61.2767,108.0108,17.98,99,100,2.55,RU,2021-03-29 00:05:32
991,Goderich,43.7501,-81.7165,33.8,93,100,19.57,CA,2021-03-29 00:05:33
992,San Francisco Del Mar,16.2333,-94.65,82.85,67,1,8.66,MX,2021-03-29 00:05:33
993,Karpogory,64.0019,44.4451,32.27,91,99,9.06,RU,2021-03-29 00:04:20
994,Adilcevaz,38.8039,42.7342,28.4,74,40,2.3,TR,2021-03-29 00:02:09
995,College,64.8569,-147.8028,19.4,45,90,8.05,US,2021-03-29 00:05:33
996,Buala,-8.145,159.5921,85.12,69,20,7.85,SB,2021-03-29 00:05:34
997,Mercedes,-34.6515,-59.4307,66.99,96,62,8.28,AR,2021-03-29 00:04:16
998,Poyarkovo,49.6,128.6833,35.42,96,100,11.77,RU,2021-03-29 00:05:34
999,Pokrovsk,48.282,37.1758,34.93,83,13,6.6,UA,2021-03-29 00:05:34
1000,Naliya,23.2667,68.8333,74.91,78,6,8.1,IN,2021-03-29 00:05:35
1001,Ontario,34.0633,-117.6509,89.01,10,1,9.22,US,2021-03-29 00:03:42
1002,Kununurra,-15.7667,128.7333,82.4,78,100,5.75,AU,2021-03-29 00:05:35
1003,Zhigansk,66.7697,123.3711,8.42,96,100,4.54,RU,2021-03-29 00:05:35
1004,Longyan,25.1072,117.0225,75.99,69,50,3.18,CN,2021-03-29 00:05:36
1005,Gao,16.6362,1.637,71.58,13,0,12.64,ML,2021-03-29 00:04:23
1006,Dossor,47.5272,52.9811,38.79,90,99,4.94,KZ,2021-03-29 00:04:23
1007,Abonnema,4.7084,6.7931,79.81,81,4,5.39,NG,2021-03-29 00:05:36
1008,Acari,-15.4311,-74.6158,73.63,78,23,4.16,PE,2021-03-29 00:04:24
1009,Opuwo,-18.0607,13.84,72.5,54,86,2.89,NA,2021-03-29 00:05:37
1010,Salinopolis,-0.6136,-47.3561,77.45,88,56,9.78,BR,2021-03-29 00:05:37
1011,Sorland,67.667,12.6934,39.2,92,100,29.01,NO,2021-03-29 00:05:37
1012,Vondrozo,-22.8167,47.2833,65.84,97,10,2.48,MG,2021-03-29 00:04:24
1013,Schwarzenbek,53.5,10.4833,48.99,70,100,1.99,DE,2021-03-29 00:04:24
1014,Sal Rei,16.1833,-22.9167,68.0,73,75,17.27,CV,2021-03-29 00:05:38
1015,Sur,22.5667,59.5289,82.74,37,79,5.37,OM,2021-03-29 00:05:38
1016,Cacequi,-29.8836,-54.825,62.96,78,16,6.22,BR,2021-03-29 00:05:39
1017,San Ramon,37.7799,-121.978,79.0,17,1,12.66,US,2021-03-29 00:05:39
1018,Priupskiy,53.9096,37.736,30.72,92,100,2.48,RU,2021-03-29 00:05:39
1019,Tessalit,20.1986,1.0114,71.26,11,0,14.79,ML,2021-03-29 00:05:40
1020,Dandong,40.1292,124.3947,47.41,33,0,10.96,CN,2021-03-29 00:05:40
1021,Vila,42.0304,-8.1588,53.01,59,5,1.99,PT,2021-03-29 00:05:40
1022,Naze,28.3667,129.4833,68.0,88,75,4.61,JP,2021-03-29 00:05:41
1023,Brae,60.3964,-1.353,48.2,87,90,25.32,GB,2021-03-29 00:04:27
1024,North Platte,41.1239,-100.7654,68.0,21,1,11.5,US,2021-03-29 00:01:40
1025,Cheremukhovo,60.3484,59.9851,23.07,92,81,3.65,RU,2021-03-29 00:05:41
1026,Bandar-E Lengeh,26.5579,54.8807,76.57,57,98,5.44,IR,2021-03-29 00:05:41
1027,Itarema,-2.9248,-39.9167,76.95,84,6,5.32,BR,2021-03-29 00:05:42
1028,Sawakin,19.1059,37.3321,73.08,67,38,8.16,SD,2021-03-29 00:05:42
1029,Pirgos,35.1167,25.7178,55.0,70,0,4.5,GR,2021-03-29 00:04:28
1030,Charters Towers,-20.1,146.2667,80.56,53,69,14.54,AU,2021-03-29 00:05:43
1031,Niamey,13.5137,2.1098,82.4,9,0,6.91,NE,2021-03-29 00:02:39
1032,Crestview,30.7621,-86.5705,66.2,77,75,9.22,US,2021-03-29 00:02:26
1033,Lodi,38.1302,-121.2725,81.0,32,0,5.99,US,2021-03-29 00:03:20
1034,Snihurivka,47.0758,32.8052,43.11,84,70,8.79,UA,2021-03-29 00:05:43
1035,Acapulco,16.8634,-99.8901,82.4,69,1,10.36,MX,2021-03-29 00:05:44
1036,Uaua,-9.8414,-39.4817,79.63,60,89,16.13,BR,2021-03-29 00:05:44
1037,Bonfim,3.0833,-59.95,82.87,61,91,10.27,BR,2021-03-29 00:05:44
1038,Arak,34.0917,49.6892,39.2,37,0,2.64,IR,2021-03-29 00:02:30
1039,Batagay,67.6333,134.6333,6.28,93,100,2.26,RU,2021-03-29 00:05:45
1040,Palora,-1.7,-77.9333,69.8,88,90,2.3,EC,2021-03-29 00:04:30
1041,Uruzgan,32.8333,66.0,54.45,27,0,5.75,AF,2021-03-29 00:05:45
1042,Vung Tau,10.346,107.0843,80.19,78,48,13.33,VN,2021-03-29 00:04:31
1043,Guachucal,0.9609,-77.7316,48.9,92,95,5.1,CO,2021-03-29 00:05:45
1044,Yertarskiy,56.7902,64.2995,28.4,86,97,11.5,RU,2021-03-29 00:04:31
1045,Sierra Vista,31.5545,-110.3037,71.6,10,1,14.97,US,2021-03-29 00:05:46
1046,Portland,45.5234,-122.6762,46.99,90,96,1.99,US,2021-03-29 00:05:15
1047,Howard Springs,-12.497,131.047,82.99,74,0,6.91,AU,2021-03-29 00:05:46
1048,Izumo,35.3667,132.7667,60.8,67,75,5.75,JP,2021-03-29 00:04:32
1049,Salekhard,66.53,66.6019,-16.13,100,55,1.79,RU,2021-03-29 00:05:47
1050,Pentaplatanon,40.8167,22.4086,55.0,99,15,5.01,GR,2021-03-29 00:05:47
1051,Markkleeberg,51.2833,12.4,51.01,62,20,8.05,DE,2021-03-29 00:05:47
1052,Horta,38.5333,-28.6333,59.38,85,100,21.83,PT,2021-03-29 00:04:33
1053,Poros,37.4994,23.4536,55.0,60,11,1.99,GR,2021-03-29 00:05:48
1054,Quchan,37.106,58.5095,30.51,79,67,4.63,IR,2021-03-29 00:03:49
1055,Mitsamiouli,-11.3847,43.2844,82.53,70,64,5.73,KM,2021-03-29 00:05:48
1056,Catalina,32.5056,-110.9211,82.99,10,0,1.01,US,2021-03-29 00:05:48
1057,Poli,-3.3333,36.8,60.94,82,100,2.28,TZ,2021-03-29 00:05:49
1058,Dakar,14.6937,-17.4441,64.4,94,5,16.11,SN,2021-03-29 00:02:24
1059,Le Port,-20.9373,55.2919,75.2,83,20,4.61,RE,2021-03-29 00:05:49
1060,Tezu,27.9167,96.1667,68.99,23,1,3.94,IN,2021-03-29 00:05:49
1061,Jalu,29.0331,21.5482,57.06,43,25,8.63,LY,2021-03-29 00:04:35
1062,Antofagasta,-23.65,-70.4,64.4,68,0,9.22,CL,2021-03-29 00:02:25
1063,Candelaria,13.9311,121.4233,82.0,84,97,1.99,PH,2021-03-29 00:05:50
1064,Sao Borja,-28.6606,-56.0044,64.13,77,6,5.79,BR,2021-03-29 00:05:50
1065,Pierre,44.3683,-100.351,68.0,22,1,9.22,US,2021-03-29 00:05:51
1066,Limulunga,-15.0969,23.1376,65.7,84,60,5.23,ZM,2021-03-29 00:05:51
1067,Poronaysk,49.2167,143.1167,31.87,98,100,8.19,RU,2021-03-29 00:05:51
1068,Hare Bay,48.8499,-54.0148,23.0,80,98,3.44,CA,2021-03-29 00:05:52
1069,Tomohon,1.3346,124.8392,78.8,94,40,2.3,ID,2021-03-29 00:05:52
1070,Orlik,52.5178,99.825,14.22,76,100,1.41,RU,2021-03-29 00:05:52
1071,Shubarkuduk,49.1447,56.4872,28.13,95,100,8.23,KZ,2021-03-29 00:04:38
1072,Haines Junction,60.7522,-137.5108,26.6,22,20,4.61,CA,2021-03-29 00:05:53
1073,Rawson,-43.3002,-65.1023,60.69,83,68,15.77,AR,2021-03-29 00:05:53
1074,Aykhal,66.0,111.5,14.67,99,100,5.93,RU,2021-03-29 00:05:54
1075,Redmond,47.674,-122.1215,44.01,92,92,9.35,US,2021-03-29 00:05:54
1076,Copiapo,-27.3667,-70.3333,59.0,77,75,10.36,CL,2021-03-29 00:05:44
1077,Coahuayana,18.7333,-103.6833,77.0,57,75,17.27,MX,2021-03-29 00:05:54
1078,Sorong,-0.8833,131.25,79.03,84,100,1.03,ID,2021-03-29 00:05:55
1079,Port Augusta,-32.5,137.7667,69.8,64,0,6.91,AU,2021-03-29 00:05:55
1080,Sarangani,5.4033,125.4636,80.78,76,99,2.84,PH,2021-03-29 00:05:55
1081,Port Blair,11.6667,92.75,80.06,76,56,2.77,IN,2021-03-29 00:05:55
1082,Flinders,-34.5833,150.8552,73.0,58,3,3.0,AU,2021-03-29 00:04:40
1083,Akureyri,65.6835,-18.0878,30.2,69,75,20.71,IS,2021-03-29 00:04:41
1084,Maldonado,-34.6667,-54.9167,66.0,94,0,6.91,UY,2021-03-29 00:05:56
1085,Shingu,33.7333,135.9833,60.8,72,40,9.22,JP,2021-03-29 00:05:15
1086,Namatanai,-3.6667,152.4333,84.69,67,84,7.56,PG,2021-03-29 00:05:56
1087,Constitucion,-35.3333,-72.4167,57.15,68,0,0.31,CL,2021-03-29 00:05:56
1088,Chicama,-7.8447,-79.1469,73.99,71,75,6.44,PE,2021-03-29 00:05:57
1089,Kiunga,-6.1219,141.2906,75.61,91,100,2.84,PG,2021-03-29 00:05:57
1090,Lagoa,39.05,-27.9833,59.45,82,100,16.62,PT,2021-03-29 00:05:57
1091,Mamakan,57.8161,114.0028,10.29,85,88,2.37,RU,2021-03-29 00:05:58
1092,Lubango,-14.9172,13.4925,60.35,86,89,1.72,AO,2021-03-29 00:04:43
1093,Katangli,51.7102,143.2326,30.4,97,100,13.58,RU,2021-03-29 00:05:58
1094,Sao Joao Da Barra,-21.6403,-41.0511,77.86,88,45,6.69,BR,2021-03-29 00:05:58
1095,Buraydah,26.326,43.975,59.0,31,0,5.75,SA,2021-03-29 00:05:59
1096,Poya,-21.35,165.15,86.61,58,20,8.23,NC,2021-03-29 00:05:59
1097,Korla,41.7597,86.1469,55.81,41,100,9.26,CN,2021-03-29 00:05:59
1098,Gravdal,68.1214,13.5031,36.88,85,100,15.99,NO,2021-03-29 00:06:00
1099,Olinda,-8.0089,-34.8553,77.0,83,75,3.44,BR,2021-03-29 00:06:00
1100,Tyulgan,52.3405,56.166,18.32,88,97,2.8,RU,2021-03-29 00:06:00
1101,Gubkinskiy,64.434,76.5026,-3.84,99,89,10.98,RU,2021-03-29 00:03:08
